,0
0,甘肃
1,广东
2,内蒙古
3,湖南
4,山东
5,内蒙古
6,云南
7,湖南
8,安徽
9,辽宁
10,广东
11,山东
12,广东
13,云南
14,四川
15,广东
16,四川
17,宁夏
18,湖南
19,甘肃
20,甘肃
21,广东
22,广东
23,广东
24,广东
25,甘肃
26,禁毒要闻
27,江苏
28,宁夏
29,广东
30,甘肃
31,禁毒要闻
32,禁毒要闻
33,山西
34,陕西
35,湖北
36,河南
37,海南
38,湖北
39,福建
40,四川
41,贵州
42,湖南
43,安徽
44,内蒙古
45,湖南
46,贵州
47,广东
48,甘肃
49,甘肃
50,安徽
51,广东
52,陕西
53,禁毒要闻
54,宁夏
55,热点评论
56,江西
57,山东
58,宁夏
59,广东
60,云南
61,广东
62,江西
63,福建
64,湖南
65,四川
66,陕西
67,四川
68,陕西
69,上海
70,湖南
71,广东
72,广东
73,青海
74,广东
75,安徽
76,湖南
77,甘肃
78,广东
79,广西
80,陕西
81,湖南
82,广东
83,宁夏
84,湖南
85,福建
86,山西
87,广东
88,宁夏
89,宁夏
90,禁毒要闻
91,贵州
92,湖北
93,湖北
94,禁毒要闻
95,禁毒要闻
96,贵州
97,湖南
98,宁夏
99,宁夏
100,宁夏
101,四川
102,四川
103,湖南
104,广东
105,湖南
106,四川
107,四川
108,重庆
109,重庆
110,贵州
111,陕西
112,贵州
113,宁夏
114,宁夏
115,甘肃
116,湖南
117,禁毒要闻
118,禁毒要闻
119,湖南
120,宁夏
121,山东
122,江西
123,广东
124,重庆
125,山西
126,上海
127,四川
128,浙江
129,云南
130,江苏
131,禁毒要闻
132,湖北
133,河南
134,湖南
135,广东
136,广东
137,福建
138,北京
139,广东
140,山东
141,四川
142,四川
143,辽宁
144,安徽
145,天津
146,禁毒要闻
147,四川
148,浙江
149,山东
150,贵州
151,江西
152,福建
153,浙江
154,宁夏
155,甘肃
156,陕西
157,禁毒要闻
158,禁毒要闻
159,陕西
160,湖南
161,陕西
162,浙江
163,广东
164,禁毒要闻
165,广东
166,安徽
167,浙江
168,禁毒要闻
169,江西
170,湖南
171,山东
172,上海
173,甘肃
174,甘肃
175,四川
176,安徽
177,黑龙江
178,海南
179,安徽
180,四川
181,四川
182,陕西
183,辽宁
184,新疆
185,四川
186,福建
187,广西
188,甘肃
189,甘肃
190,缉毒破案
191,甘肃
192,甘肃
193,宁夏
194,陕西
195,广东
196,黑龙江
197,禁毒要闻
198,贵州
199,安徽
200,江苏
201,甘肃
202,江西
203,贵州
204,禁毒要闻
205,江西
206,广西
207,贵州
208,湖北
209,河南
210,贵州
211,甘肃
212,广东
213,缉毒破案
214,甘肃
215,福建
216,禁毒人物
217,辽宁
218,四川
219,四川
220,四川
221,海南
222,甘肃
223,甘肃
224,江西
225,甘肃
226,河北
227,缉毒破案
228,四川
229,热点评论
230,深度追踪
231,四川
232,江苏
233,重庆
234,缉毒破案
235,江苏
236,广东
237,内蒙古
238,陕西
239,安徽
240,四川
241,甘肃
242,贵州
243,福建
244,四川
245,湖南
246,湖南
247,河北
248,甘肃
249,北京
250,山东
251,四川
252,河南
253,甘肃
254,禁毒要闻
255,甘肃
256,热点评论
257,浙江
258,禁毒要闻
259,缉毒破案
260,深度追踪
261,甘肃
262,江苏
263,江西
264,内蒙古
265,湖北
266,山东
267,湖南
268,贵州
269,甘肃
270,江西
271,广东
272,广东
273,禁毒要闻
274,广西
275,甘肃
276,云南
277,禁毒故事
278,湖南
279,公告栏
280,禁毒要闻
281,禁毒要闻
282,广东
283,四川
284,禁毒要闻
285,上海
286,四川
287,江西
288,广东
289,四川
290,河南
291,内蒙古
292,广东
293,广西
294,广西
295,宁夏
296,甘肃
297,广东
298,禁毒要闻
299,山东
300,禁毒要闻
301,禁毒要闻
302,甘肃
303,甘肃
304,甘肃
305,甘肃
306,甘肃
307,甘肃
308,内蒙古
309,禁毒要闻
310,海南
311,湖南
312,广西
313,禁毒要闻
314,海南
315,禁毒要闻
316,四川
317,湖北
318,四川
319,湖南
320,禁毒要闻
321,江西
322,四川
323,广东
324,吉林
325,内蒙古
326,陕西
327,缉毒破案
328,热点评论
329,热点评论
330,热点评论
331,禁毒要闻
332,缉毒破案
333,内蒙古
334,缉毒破案
335,深度追踪
336,缉毒破案
337,热点评论
338,重庆
339,山东
340,广东
341,深度追踪
342,福建
343,四川
344,深度追踪
345,深度追踪
346,河南
347,甘肃
348,禁毒要闻
349,缉毒破案
350,缉毒破案
351,热点评论
352,禁毒要闻
353,深度追踪
354,缉毒破案
355,禁毒要闻
356,缉毒破案
357,辽宁
358,甘肃
359,安徽
360,湖南
361,山东
362,贵州
363,禁毒要闻
364,禁毒宣传
365,四川
366,贵州
367,浙江
368,江西
369,山东
370,江西
371,江西
372,湖北
373,江西
374,北京
375,海南
376,江苏
377,广东
378,福建
379,四川
380,四川
381,甘肃
382,甘肃
383,甘肃
384,甘肃
385,甘肃
386,甘肃
387,甘肃
388,湖北
389,辽宁
390,广东
391,广东
392,禁毒要闻
393,广东
394,广东
395,禁毒要闻
396,禁毒要闻
397,河北
398,禁毒要闻
399,内蒙古
400,黑龙江
401,江西
402,禁毒要闻
403,禁毒要闻
404,禁毒要闻
405,禁毒要闻
406,陕西
407,山东
408,山东
409,禁毒要闻
410,禁毒要闻
411,禁毒要闻
412,宁夏
413,甘肃
414,禁毒基地
415,新疆
416,广东
417,海南
418,浙江
419,禁毒人物
420,四川
421,广东
422,江西
423,禁毒要闻
424,内蒙古
425,广东
426,禁毒要闻
427,禁毒要闻
428,安徽
429,四川
430,广东
431,广东
432,四川
433,山东
434,湖南
435,湖北
436,上海
437,河北
438,甘肃
439,四川
440,宁夏
441,广东
442,禁毒人物
443,广东
444,甘肃
445,甘肃
446,贵州
447,禁毒要闻
448,贵州
449,河南
450,四川
451,四川
452,湖南
453,陕西
454,广东
455,福建
456,湖北
457,新疆
458,山东
459,河南
460,河南
461,江苏
462,四川
463,湖南
464,陕西
465,广东
466,山西
467,福建
468,宁夏
469,广东
470,贵州
471,山东
472,甘肃
473,云南
474,甘肃
475,禁毒要闻
476,四川
477,海南
478,广东
479,四川
480,四川
481,广东
482,湖南
483,江西
484,广东
485,浙江
486,湖南
487,江苏
488,甘肃
489,广东
490,贵州
491,内蒙古
492,甘肃
493,上海
494,山东
495,湖南
496,广东
497,山东
498,云南
499,广东
500,甘肃
501,浙江
502,山西
503,云南
504,安徽
505,湖南
506,四川
507,天津
508,广东
509,广西
510,福建
511,湖南
512,禁毒人物
513,禁毒要闻
514,甘肃
515,云南
516,禁毒要闻
517,江西
518,甘肃
519,贵州
520,甘肃
521,山东
522,禁毒要闻
523,甘肃
524,甘肃
525,甘肃
526,甘肃
527,宁夏
528,甘肃
529,江西
530,禁毒人物
531,公告栏
532,甘肃
533,陕西
534,禁毒基地
535,禁毒基地
536,宣传报道
537,深度报道
538,热点评论
539,禁毒要闻
540,四川
541,贵州
542,湖北
543,广东
544,海南
545,广东
546,江西
547,云南
548,吉林
549,云南
550,禁毒人物
551,上海
552,禁毒故事
553,广东
554,广东
555,禁毒要闻
556,禁毒要闻
557,广东
558,浙江
559,安徽
560,福建
561,禁毒视频
562,江西
563,禁毒人物
564,湖南
565,广东
566,江苏
567,北京
568,新疆
569,广东
570,广东
571,浙江
572,海南
573,天津
574,湖南
575,湖南
576,广东
577,四川
578,河南
579,湖南
580,贵州
581,甘肃
582,甘肃
583,甘肃
584,甘肃
585,甘肃
586,甘肃
587,甘肃
588,山东
589,甘肃
590,甘肃
591,甘肃
592,甘肃
593,甘肃
594,甘肃
595,甘肃
596,甘肃
597,甘肃
598,甘肃
599,甘肃
600,甘肃
601,甘肃
602,禁毒要闻
603,禁毒要闻
604,禁毒要闻
605,陕西
606,北京
607,贵州
608,上海
609,广东
610,陕西
611,广东
612,湖南
613,湖北
614,山东
615,天津
616,四川
617,禁毒要闻
618,福建
619,甘肃
620,甘肃
621,浙江
622,江苏
623,甘肃
624,广东
625,山东
626,云南
627,内蒙古
628,海南
629,贵州
630,贵州
631,贵州
632,贵州
633,贵州
634,贵州
635,贵州
636,贵州
637,贵州
638,禁毒要闻
639,禁毒要闻
640,禁毒要闻
641,禁毒要闻
642,禁毒要闻
643,禁毒要闻
644,禁毒要闻
645,贵州
646,贵州
647,贵州
648,禁毒要闻
649,缉毒破案
650,宣传报道
651,缉毒破案
652,戒毒工作
653,吉林
654,禁毒基地
655,热点评论
656,广西
657,广西
658,广西
659,缉毒破案
660,禁毒要闻
661,甘肃
662,甘肃
663,甘肃
664,贵州
665,贵州
666,广东
667,黑龙江
668,湖南
669,宁夏
670,贵州
671,贵州
672,宁夏
673,宁夏
674,广东
675,贵州
676,禁毒视频
677,戒毒工作
678,禁毒要闻
679,缉毒破案
680,湖南
681,广西
682,湖南
683,宁夏
684,宁夏
685,宁夏
686,江西
687,禁毒故事
688,陕西
689,热点评论
690,四川
691,河南
692,广西
693,贵州
694,禁毒要闻
695,禁毒要闻
696,甘肃
697,禁毒要闻
698,福建
699,广东
700,陕西
701,广东
702,禁毒要闻
703,热点评论
704,湖南
705,江西
706,甘肃
707,禁毒要闻
708,黑龙江
709,禁毒要闻
710,湖南
711,山东
712,禁毒要闻
713,广西
714,广东
715,甘肃
716,广西
717,江西
718,北京
719,广西
720,广西
721,甘肃
722,四川
723,上海
724,缉毒破案
725,广西
726,湖南
727,陕西
728,湖南
729,甘肃
730,禁毒人物
731,禁毒要闻
732,禁毒要闻
733,禁毒要闻
734,山东
735,江西
736,浙江
737,甘肃
738,山东
739,山西
740,湖南
741,北京
742,北京
743,湖北
744,广东
745,湖南
746,湖南
747,山东
748,湖南
749,山东
750,禁毒要闻
751,热点评论
752,广东
753,禁毒要闻
754,禁毒要闻
755,湖南
756,禁毒要闻
757,山东
758,山东
759,浙江
760,陕西
761,缉毒破案
762,浙江
763,缉毒破案
764,缉毒破案
765,广东
766,禁毒要闻
767,禁毒要闻
768,广东
769,陕西
770,广东
771,山东
772,湖南
773,新疆
774,湖南
775,禁毒要闻
776,河南
777,浙江
778,各地新闻
779,福建
780,禁毒教育
781,吉林
782,缉毒破案
783,缉毒破案
784,缉毒破案
785,海南
786,四川
787,湖南
788,山东
789,黑龙江
790,甘肃
791,广西
792,禁毒人物
793,甘肃
794,甘肃
795,河北
796,江西
797,禁毒要闻
798,禁毒要闻
799,禁毒要闻
800,禁毒要闻
801,禁毒要闻
802,禁毒要闻
803,禁毒要闻
804,甘肃
805,甘肃
806,禁毒要闻
807,湖南
808,甘肃
809,甘肃
810,甘肃
811,甘肃
812,甘肃
813,贵州
814,贵州
815,贵州
816,贵州
817,贵州
818,贵州
819,贵州
820,甘肃
821,湖南
822,湖南
823,甘肃
824,甘肃
825,甘肃
826,甘肃
827,西藏
828,甘肃
829,甘肃
830,甘肃
831,宁夏
832,甘肃
833,福建
834,甘肃
835,湖南
836,湖南
837,甘肃
838,甘肃
839,广东
840,甘肃
841,甘肃
842,甘肃
843,广西
844,河南
845,宁夏
846,河南
847,宁夏
848,湖北
849,禁毒要闻
850,甘肃
851,湖南
852,甘肃
853,湖南
854,甘肃
855,甘肃
856,重庆
857,重庆
858,禁毒要闻
859,甘肃
860,福建
861,福建
862,甘肃
863,甘肃
864,甘肃
865,湖南
866,广东
867,甘肃
868,山东
869,福建
870,青海
871,浙江
872,广东
873,江西
874,湖南
875,贵州
876,浙江
877,广东
878,海南
879,湖南
880,贵州
881,天津
882,广东
883,贵州
884,甘肃
885,贵州
886,上海
887,福建
888,江苏
889,福建
890,湖北
891,湖南
892,甘肃
893,广东
894,广东
895,广东
896,广东
897,禁毒要闻
898,陕西
899,湖南
900,安徽
901,甘肃
902,甘肃
903,甘肃
904,贵州
905,贵州
906,福建
907,湖南
908,福建
909,甘肃
910,甘肃
911,安徽
912,陕西
913,福建
914,甘肃
915,甘肃
916,甘肃
917,甘肃
918,甘肃
919,甘肃
920,甘肃
921,贵州
922,贵州
923,贵州
924,贵州
925,贵州
926,贵州
927,贵州
928,贵州
929,甘肃
930,禁毒故事
931,甘肃
932,甘肃
933,甘肃
934,甘肃
935,甘肃
936,禁毒要闻
937,福建
938,甘肃
939,甘肃
940,甘肃
941,安徽
942,甘肃
943,甘肃
944,广西
945,福建
946,福建
947,福建
948,福建
949,福建
950,福建
951,福建
952,福建
953,福建
954,福建
955,福建
956,广东
957,甘肃
958,甘肃
959,甘肃
960,甘肃
961,甘肃
962,甘肃
963,甘肃
964,甘肃
965,福建
966,甘肃
967,甘肃
968,甘肃
969,甘肃
970,安徽
971,重庆
972,浙江
973,浙江
974,浙江
975,甘肃
976,湖北
977,山西
978,浙江
979,甘肃
980,甘肃
981,甘肃
982,福建
983,甘肃
984,重庆
985,福建
986,广西
987,江苏
988,广东
989,广东
990,湖北
991,陕西
992,甘肃
993,内蒙古
994,甘肃
995,甘肃
996,重庆
997,福建
998,福建
999,重庆
1000,甘肃
1001,陕西
1002,福建
1003,贵州
1004,禁毒要闻
1005,甘肃
1006,甘肃
1007,甘肃
1008,福建
1009,福建
1010,陕西
1011,甘肃
1012,甘肃
1013,甘肃
1014,甘肃
1015,甘肃
1016,北京
1017,江西
1018,福建
1019,禁毒要闻
1020,浙江
1021,山东
1022,天津
1023,禁毒要闻
1024,湖南
1025,甘肃
1026,湖北
1027,四川
1028,江西
1029,甘肃
1030,山东
1031,山东
1032,山东
1033,陕西
1034,辽宁
1035,广东
1036,山东
1037,湖北
1038,浙江
1039,上海
1040,湖南
1041,福建
1042,内蒙古
1043,甘肃
1044,山东
1045,禁毒要闻
1046,湖南
1047,四川
1048,禁毒要闻
1049,陕西
1050,甘肃
1051,甘肃
1052,四川
1053,浙江
1054,江苏
1055,湖南
1056,禁毒要闻
1057,四川
1058,广西
1059,广东
1060,广东
1061,四川
1062,四川
1063,湖南
1064,甘肃
1065,山东
1066,广西
1067,陕西
1068,禁毒要闻
1069,广东
1070,湖南
1071,安徽
1072,安徽
1073,上海
1074,山东
1075,河南
1076,甘肃
1077,四川
1078,陕西
1079,山西
1080,河南
1081,河南
1082,重庆
1083,内蒙古
1084,禁毒要闻
1085,河南
1086,甘肃
1087,甘肃
1088,禁毒要闻
1089,山东
1090,贵州
1091,广东
1092,海南
1093,青海
1094,甘肃
1095,新疆
1096,甘肃
1097,禁毒要闻
1098,重庆
1099,甘肃
1100,福建
1101,宁夏
1102,山东
1103,上海
1104,贵州
1105,甘肃
1106,广东
1107,海南
1108,湖南
1109,甘肃
1110,上海
1111,湖南
1112,西藏
1113,甘肃
1114,宁夏
1115,宁夏
1116,宁夏
1117,福建
1118,山东
1119,福建
1120,福建
1121,黑龙江
1122,山东
1123,北京
1124,甘肃
1125,甘肃
1126,广东
1127,四川
1128,广东
1129,山东
1130,云南
1131,河南
1132,天津
1133,广东
1134,甘肃
1135,福建
1136,重庆
1137,重庆
1138,广东
1139,甘肃
1140,甘肃
1141,陕西
1142,湖南
1143,上海
1144,四川
1145,贵州
1146,贵州
1147,陕西
1148,广东
1149,浙江
1150,山东
1151,福建
1152,湖北
1153,山东
1154,禁毒要闻
1155,山西
1156,广东
1157,陕西
1158,内蒙古
1159,福建
1160,禁毒要闻
1161,禁毒要闻
1162,陕西
1163,贵州
1164,福建
1165,福建
1166,重庆
1167,甘肃
1168,福建
1169,黑龙江
1170,甘肃
1171,湖南
1172,福建
1173,禁毒要闻
1174,湖北
1175,福建
1176,山东
1177,山东
1178,四川
1179,安徽
1180,安徽
1181,浙江
1182,内蒙古
1183,江西
1184,海南
1185,上海
1186,广东
1187,浙江
1188,湖北
1189,陕西
1190,禁毒人物
1191,甘肃
1192,甘肃
1193,甘肃
1194,内蒙古
1195,广东
1196,湖南
1197,福建
1198,北京
1199,重庆
1200,甘肃
1201,甘肃
1202,福建
1203,福建
1204,福建
1205,陕西
1206,福建
1207,山东
1208,广东
1209,广东
1210,宁夏
1211,湖南
1212,吉林
1213,湖南
1214,禁毒要闻
1215,广东
1216,贵州
1217,甘肃
1218,甘肃
1219,湖北
1220,甘肃
1221,山东
1222,山东
1223,陕西
1224,陕西
1225,山东
1226,江西
1227,四川
1228,广东
1229,四川
1230,甘肃
1231,广东
1232,吉林
1233,福建
1234,广东
1235,山东
1236,陕西
1237,福建
1238,广西
1239,湖南
1240,吉林
1241,河南
1242,贵州
1243,甘肃
1244,湖南
1245,甘肃
1246,福建
1247,浙江
1248,湖南
1249,陕西
1250,禁毒要闻
1251,福建
1252,广西
1253,禁毒要闻
1254,禁毒要闻
1255,禁毒要闻
1256,浙江
1257,浙江
1258,甘肃
1259,福建
1260,甘肃
1261,甘肃
1262,甘肃
1263,甘肃
1264,云南
1265,禁毒要闻
1266,禁毒要闻
1267,禁毒要闻
1268,海南
1269,山东
1270,海南
1271,安徽
1272,山东
1273,甘肃
1274,甘肃
1275,福建
1276,宣传报道
1277,禁毒要闻
1278,广东
1279,甘肃
1280,山东
1281,禁毒要闻
1282,湖南
1283,禁毒人物
1284,毒品知识
1285,毒品知识
1286,毒品知识
1287,毒品知识
1288,毒品知识
1289,毒品知识
1290,毒品知识
1291,毒品知识
1292,重庆
1293,湖南
1294,重庆
1295,甘肃
1296,甘肃
1297,吉林
1298,安徽
1299,安徽
1300,海南
1301,福建
1302,甘肃
1303,甘肃
1304,甘肃
1305,甘肃
1306,湖南
1307,广东
1308,广东
1309,禁毒要闻
1310,吉林
1311,河南
1312,广东
1313,福建
1314,湖南
1315,重庆
1316,湖南
1317,北京
1318,山东
1319,北京
1320,广东
1321,湖南
1322,山东
1323,浙江
1324,热点评论
1325,山西
1326,贵州
1327,江西
1328,贵州
1329,山西
1330,安徽
1331,内蒙古
1332,毒情动态
1333,毒情动态
1334,缉毒破案
1335,禁毒人物
1336,广东
1337,湖北
1338,广东
1339,湖南
1340,山东
1341,湖南
1342,宁夏
1343,湖南
1344,甘肃
1345,四川
1346,甘肃
1347,甘肃
1348,甘肃
1349,甘肃
1350,湖南
1351,甘肃
1352,甘肃
1353,甘肃
1354,湖南
1355,甘肃
1356,甘肃
1357,重庆
1358,湖南
1359,宁夏
1360,湖南
1361,禁毒宣传
1362,陕西
1363,湖南
1364,黑龙江
1365,广东
1366,黑龙江
1367,甘肃
1368,甘肃
1369,湖南
1370,广东
1371,甘肃
1372,甘肃
1373,上海
1374,重庆
1375,公告栏
1376,山东
1377,湖南
1378,广东
1379,四川
1380,海南
1381,湖南
1382,甘肃
1383,甘肃
1384,青海
1385,缉毒破案
1386,贵州
1387,江西
1388,青海
1389,四川
1390,禁毒人物
1391,陕西
1392,湖南
1393,湖北
1394,湖南
1395,湖北
1396,山东
1397,重庆
1398,海南
1399,甘肃
1400,陕西
1401,福建
1402,宁夏
1403,福建
1404,广西
1405,湖南
1406,陕西
1407,湖南
1408,湖南
1409,山东
1410,浙江
1411,江西
1412,甘肃
1413,缉毒破案
1414,缉毒破案
1415,缉毒破案
1416,福建
1417,缉毒破案
1418,四川
1419,浙江
1420,海南
1421,海南
1422,山西
1423,浙江
1424,湖南
1425,重庆
1426,福建
1427,甘肃
1428,公告栏
1429,江苏
1430,禁毒要闻
1431,河南
1432,浙江
1433,广东
1434,内蒙古
1435,湖南
1436,江西
1437,山东
1438,甘肃
1439,广东
1440,公告栏
1441,禁毒要闻
1442,重庆
1443,山东
1444,缉毒破案
1445,毒情动态
1446,热点评论
1447,宣传报道
1448,缉毒破案
1449,宣传报道
1450,缉毒破案
1451,热点评论
1452,重庆
1453,缉毒破案
1454,缉毒破案
1455,缉毒破案
1456,安徽
1457,缉毒破案
1458,缉毒破案
1459,缉毒破案
1460,热点评论
1461,缉毒破案
1462,广东
1463,广东
1464,甘肃
1465,甘肃
1466,甘肃
1467,甘肃
1468,黑龙江
1469,重庆
1470,广东
1471,广东
1472,北京
1473,重庆
1474,湖南
1475,重庆
1476,禁毒人物
1477,甘肃
1478,重庆
1479,福建
1480,山西
1481,甘肃
1482,四川
1483,甘肃
1484,宣传报道
1485,甘肃
1486,广东
1487,广东
1488,四川
1489,四川
1490,贵州
1491,湖南
1492,湖南
1493,黑龙江
1494,江西
1495,海南
1496,深度报道
1497,广东
1498,山东
1499,安徽
1500,甘肃
1501,甘肃
1502,甘肃
1503,甘肃
1504,甘肃
1505,甘肃
1506,甘肃
1507,甘肃
1508,宣传报道
1509,湖南
1510,宣传报道
1511,禁毒要闻
1512,四川
1513,贵州
1514,甘肃
1515,甘肃
1516,深度追踪
1517,新疆
1518,黑龙江
1519,山东
1520,山东
1521,湖南
1522,浙江
1523,福建
1524,贵州
1525,甘肃
1526,贵州
1527,甘肃
1528,上海
1529,上海
1530,山东
1531,贵州
1532,内蒙古
1533,广东
1534,广东
1535,贵州
1536,甘肃
1537,甘肃
1538,甘肃
1539,甘肃
1540,甘肃
1541,甘肃
1542,禁毒人物
1543,禁毒人物
1544,禁毒人物
1545,禁毒人物
1546,湖南
1547,福建
1548,甘肃
1549,福建
1550,甘肃
1551,宁夏
1552,甘肃
1553,甘肃
1554,内蒙古
1555,宁夏
1556,山西
1557,甘肃
1558,山东
1559,广东
1560,广东
1561,山西
1562,浙江
1563,广东
1564,福建
1565,江西
1566,山东
1567,广东
1568,贵州
1569,湖北
1570,河南
1571,广东
1572,广东
1573,四川
1574,湖南
1575,浙江
1576,山东
1577,上海
1578,上海
1579,上海
1580,上海
1581,上海
1582,甘肃
1583,甘肃
1584,甘肃
1585,甘肃
1586,甘肃
1587,甘肃
1588,甘肃
1589,甘肃
1590,甘肃
1591,河南
1592,缉毒破案
1593,上海
1594,北京
1595,广西
1596,湖北
1597,海南
1598,禁毒要闻
1599,广东
1600,禁毒要闻
1601,甘肃
1602,甘肃
1603,甘肃
1604,甘肃
1605,禁毒要闻
1606,广东
1607,云南
1608,海南
1609,青海
1610,广东
1611,禁毒人物
1612,海南
1613,河南
1614,禁毒要闻
1615,缉毒破案
1616,广东
1617,青海
1618,禁毒人物
1619,贵州
1620,山西
1621,毒情动态
1622,禁毒要闻
1623,缉毒破案
1624,福建
1625,禁毒要闻
1626,重庆
1627,湖南
1628,湖南
1629,四川
1630,海南
1631,四川
1632,青海
1633,内蒙古
1634,山西
1635,贵州
1636,湖南
1637,重庆
1638,陕西
1639,湖南
1640,湖南
1641,甘肃
1642,宁夏
1643,甘肃
1644,浙江
1645,湖南
1646,热点评论
1647,禁毒要闻
1648,重庆
1649,北京
1650,禁毒要闻
1651,禁毒要闻
1652,禁毒要闻
1653,禁毒要闻
1654,禁毒要闻
1655,禁毒要闻
1656,禁毒要闻
1657,禁毒要闻
1658,四川
1659,四川
1660,禁毒要闻
1661,禁毒人物
1662,禁毒人物
1663,广东
1664,安徽
1665,山西
1666,缉毒破案
1667,广西
1668,云南
1669,禁毒要闻
1670,宁夏
1671,宁夏
1672,贵州
1673,贵州
1674,重庆
1675,广东
1676,广东
1677,甘肃
1678,湖南
1679,福建
1680,毒情动态
1681,毒情动态
1682,禁毒要闻
1683,禁毒要闻
1684,禁毒要闻
1685,辽宁
1686,禁毒要闻
1687,禁毒要闻
1688,湖南
1689,贵州
1690,甘肃
1691,甘肃
1692,甘肃
1693,甘肃
1694,甘肃
1695,湖南
1696,甘肃
1697,甘肃
1698,贵州
1699,甘肃
1700,贵州
1701,甘肃
1702,甘肃
1703,重庆
1704,广东
1705,禁毒要闻
1706,禁毒要闻
1707,禁毒要闻
1708,甘肃
1709,广东
1710,甘肃
1711,甘肃
1712,西藏
1713,西藏
1714,安徽
1715,重庆
1716,甘肃
1717,甘肃
1718,甘肃
1719,贵州
1720,甘肃
1721,甘肃
1722,甘肃
1723,甘肃
1724,甘肃
1725,甘肃
1726,重庆
1727,甘肃
1728,甘肃
1729,甘肃
1730,重庆
1731,安徽
1732,重庆
1733,甘肃
1734,甘肃
1735,重庆
1736,甘肃
1737,湖南
1738,河南
1739,甘肃
1740,海南
1741,河南
1742,广东
1743,甘肃
1744,甘肃
1745,甘肃
1746,宁夏
1747,甘肃
1748,甘肃
1749,禁毒要闻
1750,湖南
1751,湖北
1752,黑龙江
1753,海南
1754,云南
1755,重庆
1756,宁夏
1757,广东
1758,广东
1759,广东
1760,宁夏
1761,甘肃
1762,甘肃
1763,甘肃
1764,甘肃
1765,重庆
1766,贵州
1767,重庆
1768,甘肃
1769,甘肃
1770,甘肃
1771,甘肃
1772,甘肃
1773,甘肃
1774,重庆
1775,禁毒要闻
1776,禁毒要闻
1777,甘肃
1778,湖南
1779,甘肃
1780,甘肃
1781,湖南
1782,西藏
1783,西藏
1784,湖南
1785,广东
1786,甘肃
1787,甘肃
1788,甘肃
1789,甘肃
1790,甘肃
1791,甘肃
1792,湖南
1793,贵州
1794,甘肃
1795,甘肃
1796,四川
1797,甘肃
1798,甘肃
1799,陕西
1800,甘肃
1801,禁毒要闻
1802,宁夏
1803,甘肃
1804,甘肃
1805,甘肃
1806,甘肃
1807,甘肃
1808,甘肃
1809,湖南
1810,重庆
1811,广东
1812,甘肃
1813,甘肃
1814,甘肃
1815,安徽
1816,重庆
1817,甘肃
1818,甘肃
1819,甘肃
1820,甘肃
1821,甘肃
1822,广东
1823,甘肃
1824,福建
1825,浙江
1826,重庆
1827,内蒙古
1828,江苏
1829,四川
1830,江苏
1831,河北
1832,海南
1833,重庆
1834,禁毒要闻
1835,甘肃
1836,贵州
1837,甘肃
1838,湖南
1839,甘肃
1840,禁毒要闻
1841,毒情动态
1842,甘肃
1843,甘肃
1844,广东
1845,上海
1846,福建
1847,贵州
1848,浙江
1849,禁毒要闻
1850,宁夏
1851,浙江
1852,甘肃
1853,甘肃
1854,甘肃
1855,禁毒人物
1856,缉毒破案
1857,禁毒要闻
1858,禁毒要闻
1859,禁毒要闻
1860,甘肃
1861,甘肃
1862,甘肃
1863,甘肃
1864,甘肃
1865,四川
1866,甘肃
1867,甘肃
1868,甘肃
1869,福建
1870,甘肃
1871,甘肃
1872,江苏
1873,湖南
1874,甘肃
1875,甘肃
1876,甘肃
1877,甘肃
1878,浙江
1879,广东
1880,甘肃
1881,广西
1882,贵州
1883,海南
1884,海南
1885,甘肃
1886,甘肃
1887,广东
1888,禁毒要闻
1889,安徽
1890,陕西
1891,甘肃
1892,甘肃
1893,甘肃
1894,甘肃
1895,宁夏
1896,宁夏
1897,广东
1898,浙江
1899,湖南
1900,甘肃
1901,甘肃
1902,甘肃
1903,甘肃
1904,甘肃
1905,甘肃
1906,甘肃
1907,广东
1908,甘肃
1909,甘肃
1910,甘肃
1911,湖南
1912,浙江
1913,湖南
1914,宁夏
1915,重庆
1916,湖南
1917,山东
1918,贵州
1919,江苏
1920,甘肃
1921,湖南
1922,山西
1923,陕西
1924,甘肃
1925,甘肃
1926,甘肃
1927,甘肃
1928,浙江
1929,福建
1930,宁夏
1931,甘肃
1932,甘肃
1933,甘肃
1934,甘肃
1935,甘肃
1936,甘肃
1937,甘肃
1938,甘肃
1939,甘肃
1940,甘肃
1941,甘肃
1942,甘肃
1943,甘肃
1944,甘肃
1945,宁夏
1946,宁夏
1947,宁夏
1948,宁夏
1949,甘肃
1950,宁夏
1951,甘肃
1952,湖南
1953,甘肃
1954,甘肃
1955,甘肃
1956,甘肃
1957,甘肃
1958,甘肃
1959,甘肃
1960,甘肃
1961,甘肃
1962,甘肃
1963,甘肃
1964,甘肃
1965,甘肃
1966,甘肃
1967,安徽
1968,海南
1969,贵州
1970,河南
1971,广东
1972,安徽
1973,海南
1974,福建
1975,禁毒要闻
1976,贵州
1977,甘肃
1978,甘肃
1979,甘肃
1980,贵州
1981,宁夏
1982,湖南
1983,黑龙江
1984,禁毒要闻
1985,河南
1986,重庆
1987,甘肃
1988,山西
1989,青海
1990,甘肃
1991,贵州
1992,陕西
1993,禁毒要闻
1994,海南
1995,深度追踪
1996,海南
1997,贵州
1998,广东
1999,禁毒要闻
2000,禁毒要闻
2001,禁毒要闻
2002,海南
2003,上海
2004,上海
2005,河南
2006,黑龙江
2007,河南
2008,山西
2009,北京
2010,甘肃
2011,浙江
2012,广东
2013,甘肃
2014,甘肃
2015,甘肃
2016,广东
2017,禁毒要闻
2018,甘肃
2019,宁夏
2020,甘肃
2021,甘肃
2022,宁夏
2023,福建
2024,甘肃
2025,甘肃
2026,贵州
2027,甘肃
2028,甘肃
2029,贵州
2030,贵州
2031,缉毒破案
2032,缉毒破案
2033,甘肃
2034,贵州
2035,禁毒要闻
2036,甘肃
2037,山东
2038,山东
2039,湖南
2040,贵州
2041,禁毒要闻
2042,福建
2043,禁毒要闻
2044,湖北
2045,缉毒破案
2046,热点评论
2047,热点评论
2048,江西
2049,广西
2050,广东
2051,四川
2052,云南
2053,甘肃
2054,甘肃
2055,吉林
2056,浙江
2057,浙江
2058,浙江
2059,安徽
2060,甘肃
2061,甘肃
2062,甘肃
2063,湖南
2064,湖南
2065,广东
2066,湖南
2067,禁毒要闻
2068,江西
2069,陕西
2070,甘肃
2071,深度报道
2072,湖北
2073,福建
2074,禁毒人物
2075,浙江
2076,缉毒破案
2077,福建
2078,热点评论
2079,禁毒人物
2080,海南
2081,贵州
2082,河南
2083,内蒙古
2084,福建
2085,禁毒要闻
2086,广东
2087,甘肃
2088,甘肃
2089,甘肃
2090,甘肃
2091,甘肃
2092,甘肃
2093,甘肃
2094,四川
2095,广东
2096,广东
2097,四川
2098,甘肃
2099,甘肃
2100,甘肃
2101,甘肃
2102,四川
2103,缉毒破案
2104,缉毒破案
2105,天津
2106,缉毒破案
2107,四川
2108,禁毒要闻
2109,广东
2110,陕西
2111,浙江
2112,浙江
2113,浙江
2114,浙江
2115,浙江
2116,四川
2117,福建
2118,四川
2119,海南
2120,禁毒人物
2121,广西
2122,广东
2123,内蒙古
2124,广西
2125,河南
2126,山东
2127,四川
2128,山东
2129,贵州
2130,四川
2131,贵州
2132,广西
2133,广西
2134,贵州
2135,安徽
2136,热点评论
2137,安徽
2138,四川
2139,山东
2140,甘肃
2141,甘肃
2142,甘肃
2143,甘肃
2144,甘肃
2145,甘肃
2146,甘肃
2147,甘肃
2148,安徽
2149,甘肃
2150,湖南
2151,湖南
2152,浙江
2153,广东
2154,浙江
2155,广东
2156,广东
2157,广东
2158,禁毒要闻
2159,禁毒要闻
2160,禁毒要闻
2161,甘肃
2162,甘肃
2163,海南
2164,湖南
2165,四川
2166,广东
2167,海南
2168,安徽
2169,深度追踪
2170,禁毒人物
2171,缉毒破案
2172,山东
2173,河北
2174,缉毒破案
2175,禁毒要闻
2176,四川
2177,禁毒要闻
2178,湖北
2179,江西
2180,贵州
2181,缉毒破案
2182,广东
2183,禁毒人物
2184,江苏
2185,广东
2186,甘肃
2187,安徽
2188,湖南
2189,湖南
2190,陕西
2191,福建
2192,山东
2193,禁毒人物
2194,福建
2195,贵州
2196,湖南
2197,上海
2198,广东
2199,广东
2200,热点评论
2201,陕西
2202,禁毒要闻
2203,安徽
2204,禁毒要闻
2205,福建
2206,辽宁
2207,缉毒破案
2208,湖南
2209,禁毒要闻
2210,江西
2211,福建
2212,广西
2213,广东
2214,福建
2215,海南
2216,天津
2217,湖南
2218,辽宁
2219,广东
2220,福建
2221,福建
2222,广东
2223,云南
2224,湖南
2225,甘肃
2226,安徽
2227,湖南
2228,海南
2229,海南
2230,福建
2231,禁毒要闻
2232,广东
2233,江西
2234,贵州
2235,河南
2236,贵州
2237,禁毒要闻
2238,青海
2239,宁夏
2240,吉林
2241,甘肃
2242,广东
2243,广东
2244,广东
2245,甘肃
2246,禁毒要闻
2247,禁毒宣传
2248,湖南
2249,江苏
2250,重庆
2251,缉毒破案
2252,贵州
2253,甘肃
2254,山东
2255,广东
2256,山西
2257,山东
2258,甘肃
2259,广东
2260,广东
2261,深度报道
2262,云南
2263,江西
2264,山东
2265,青海
2266,禁毒要闻
2267,禁毒要闻
2268,禁毒要闻
2269,禁毒要闻
2270,山东
2271,陕西
2272,陕西
2273,禁毒要闻
2274,热点评论
2275,禁毒要闻
2276,贵州
2277,宁夏
2278,宁夏
2279,缉毒破案
2280,甘肃
2281,山东
2282,缉毒破案
2283,缉毒破案
2284,深度追踪
2285,甘肃
2286,上海
2287,福建
2288,甘肃
2289,安徽
2290,湖南
2291,禁毒要闻
2292,禁毒要闻
2293,甘肃
2294,禁毒要闻
2295,湖南
2296,禁毒要闻
2297,禁毒要闻
2298,缉毒破案
2299,甘肃
2300,山东
2301,广西
2302,江苏
2303,江苏
2304,湖南
2305,湖南
2306,福建
2307,湖南
2308,西藏
2309,西藏
2310,江西
2311,禁毒要闻
2312,热点评论
2313,禁毒宣传
2314,禁毒人物
2315,禁毒人物
2316,内蒙古
2317,山东
2318,山东
2319,海南
2320,辽宁
2321,甘肃
2322,宣传报道
2323,深度报道
2324,甘肃
2325,缉毒破案
2326,缉毒破案
2327,禁毒要闻
2328,禁毒要闻
2329,缉毒破案
2330,禁毒要闻
2331,禁毒要闻
2332,湖北
2333,江西
2334,禁毒要闻
2335,甘肃
2336,深度报道
2337,禁毒要闻
2338,禁毒要闻
2339,缉毒破案
2340,深度报道
2341,缉毒破案
2342,重庆
2343,湖南
2344,湖南
2345,青海
2346,湖南
2347,湖南
2348,禁毒要闻
2349,浙江
2350,广东
2351,广东
2352,禁毒要闻
2353,江苏
2354,甘肃
2355,广东
2356,甘肃
2357,安徽
2358,山东
2359,福建
2360,甘肃
2361,甘肃
2362,贵州
2363,缉毒破案
2364,热点评论
2365,甘肃
2366,禁毒要闻
2367,禁毒要闻
2368,江西
2369,江西
2370,禁毒人物
2371,广东
2372,山西
2373,广西
2374,贵州
2375,广东
2376,广东
2377,四川
2378,广东
2379,江西
2380,上海
2381,甘肃
2382,海南
2383,甘肃
2384,湖南
2385,广东
2386,宁夏
2387,甘肃
2388,甘肃
2389,甘肃
2390,甘肃
2391,安徽
2392,甘肃
2393,宣传报道
2394,禁毒要闻
2395,禁毒要闻
2396,公告栏
2397,禁毒要闻
2398,广东
2399,缉毒破案
2400,广西
2401,深度追踪
2402,缉毒破案
2403,甘肃
2404,禁毒要闻
2405,广东
2406,热点评论
2407,湖南
2408,禁毒要闻
2409,湖南
2410,贵州
2411,湖南
2412,禁毒要闻
2413,广东
2414,禁毒要闻
2415,广东
2416,陕西
2417,缉毒破案
2418,北京
2419,缉毒破案
2420,宣传报道
2421,缉毒破案
2422,热点评论
2423,禁毒要闻
2424,禁毒要闻
2425,福建
2426,广东
2427,湖南
2428,福建
2429,天津
2430,福建
2431,甘肃
2432,广东
2433,甘肃
2434,缉毒破案
2435,禁毒要闻
2436,湖南
2437,禁毒要闻
2438,禁毒要闻
2439,吉林
2440,缉毒破案
2441,禁毒要闻
2442,云南
2443,海南
2444,海南
2445,禁毒人物
2446,禁毒要闻
2447,禁毒要闻
2448,云南
2449,河北
2450,广东
2451,广东
2452,甘肃
2453,甘肃
2454,甘肃
2455,甘肃
2456,甘肃
2457,山东
2458,禁毒要闻
2459,贵州
2460,甘肃
2461,福建
2462,禁毒要闻
2463,甘肃
2464,湖南
2465,甘肃
2466,福建
2467,内蒙古
2468,贵州
2469,海南
2470,北京
2471,甘肃
2472,甘肃
2473,湖南
2474,湖南
2475,甘肃
2476,甘肃
2477,四川
2478,浙江
2479,广东
2480,甘肃
2481,甘肃
2482,云南
2483,天津
2484,上海
2485,禁毒要闻
2486,贵州
2487,甘肃
2488,湖南
2489,甘肃
2490,浙江
2491,浙江
2492,贵州
2493,黑龙江
2494,甘肃
2495,甘肃
2496,湖南
2497,贵州
2498,贵州
2499,湖南
2500,禁毒要闻
2501,重庆
2502,广东
2503,安徽
2504,山东
2505,云南
2506,湖南
2507,广西
2508,辽宁
2509,湖南
2510,海南
2511,湖南
2512,安徽
2513,上海
2514,广西
2515,甘肃
2516,海南
2517,福建
2518,江苏
2519,新疆
2520,重庆
2521,上海
2522,北京
2523,禁毒要闻
2524,江苏
2525,上海
2526,海南
2527,海南
2528,禁毒要闻
2529,禁毒要闻
2530,贵州
2531,宁夏
2532,广西
2533,广东
2534,甘肃
2535,宁夏
2536,甘肃
2537,甘肃
2538,甘肃
2539,甘肃
2540,甘肃
2541,浙江
2542,浙江
2543,甘肃
2544,甘肃
2545,贵州
2546,湖南
2547,湖南
2548,浙江
2549,安徽
2550,安徽
2551,西藏
2552,西藏
2553,西藏
2554,湖南
2555,甘肃
2556,甘肃
2557,禁毒要闻
2558,禁毒人物
2559,甘肃
2560,浙江
2561,浙江
2562,浙江
2563,甘肃
2564,安徽
2565,甘肃
2566,甘肃
2567,甘肃
2568,甘肃
2569,广东
2570,贵州
2571,宁夏
2572,甘肃
2573,甘肃
2574,甘肃
2575,甘肃
2576,甘肃
2577,贵州
2578,禁毒要闻
2579,禁毒要闻
2580,禁毒要闻
2581,宁夏
2582,贵州
2583,贵州
2584,贵州
2585,甘肃
2586,甘肃
2587,贵州
2588,福建
2589,山东
2590,广东
2591,江苏
2592,江苏
2593,云南
2594,贵州
2595,广东
2596,甘肃
2597,禁毒要闻
2598,广东
2599,四川
2600,四川
2601,浙江
2602,四川
2603,四川
2604,甘肃
2605,甘肃
2606,甘肃
2607,四川
2608,上海
2609,禁毒要闻
2610,安徽
2611,广东
2612,上海
2613,广东
2614,宁夏
2615,广东
2616,湖南
2617,贵州
2618,禁毒要闻
2619,贵州
2620,广东
2621,宁夏
2622,甘肃
2623,河南
2624,贵州
2625,内蒙古
2626,江苏
2627,四川
2628,湖南
2629,甘肃
2630,浙江
2631,甘肃
2632,安徽
2633,甘肃
2634,甘肃
2635,甘肃
2636,甘肃
2637,安徽
2638,广东
2639,甘肃
2640,宁夏
2641,贵州
2642,贵州
2643,贵州
2644,宁夏
2645,甘肃
2646,甘肃
2647,甘肃
2648,宁夏
2649,安徽
2650,安徽
2651,安徽
2652,宁夏
2653,宁夏
2654,甘肃
2655,甘肃
2656,热点评论
2657,湖北
2658,广东
2659,湖南
2660,四川
2661,河北
2662,禁毒要闻
2663,新疆
2664,甘肃
2665,广东
2666,禁毒要闻
2667,甘肃
2668,贵州
2669,禁毒要闻
2670,禁毒要闻
2671,甘肃
2672,宁夏
2673,河北
2674,缉毒破案
2675,甘肃
2676,甘肃
2677,甘肃
2678,宁夏
2679,曝光台
2680,禁毒人物
2681,缉毒破案
2682,禁毒要闻
2683,禁毒人物
2684,禁毒人物
2685,新疆
2686,山西
2687,湖南
2688,禁毒要闻
2689,四川
2690,湖南
2691,安徽
2692,安徽
2693,湖北
2694,云南
2695,贵州
2696,湖南
2697,山西
2698,湖南
2699,河南
2700,山西
2701,辽宁
2702,禁毒要闻
2703,广西
2704,贵州
2705,甘肃
2706,甘肃
2707,湖南
2708,禁毒要闻
2709,禁毒要闻
2710,安徽
2711,甘肃
2712,甘肃
2713,内蒙古
2714,四川
2715,吉林
2716,甘肃
2717,甘肃
2718,四川
2719,四川
2720,四川
2721,禁毒要闻
2722,河南
2723,四川
2724,内蒙古
2725,重庆
2726,广东
2727,云南
2728,海南
2729,甘肃
2730,内蒙古
2731,四川
2732,江苏
2733,贵州
2734,热点评论
2735,湖南
2736,甘肃
2737,甘肃
2738,甘肃
2739,甘肃
2740,安徽
2741,湖南
2742,甘肃
2743,宁夏
2744,甘肃
2745,甘肃
2746,广西
2747,广东
2748,禁毒要闻
2749,禁毒要闻
2750,宁夏
2751,湖南
2752,缉毒破案
2753,缉毒破案
2754,禁毒要闻
2755,禁毒要闻
2756,毒情动态
2757,广西
2758,云南
2759,广东
2760,海南
2761,海南
2762,安徽
2763,福建
2764,湖南
2765,湖北
2766,四川
2767,甘肃
2768,四川
2769,广东
2770,安徽
2771,甘肃
2772,湖北
2773,辽宁
2774,海南
2775,海南
2776,广东
2777,甘肃
2778,宣传报道
2779,湖南
2780,宣传报道
2781,广西
2782,广东
2783,宁夏
2784,安徽
2785,山西
2786,贵州
2787,四川
2788,四川
2789,宣传报道
2790,安徽
2791,禁毒要闻
2792,禁毒要闻
2793,禁毒要闻
2794,山东
2795,内蒙古
2796,广东
2797,四川
2798,黑龙江
2799,湖南
2800,宣传报道
2801,山西
2802,湖南
2803,甘肃
2804,山东
2805,广东
2806,禁毒要闻
2807,宣传报道
2808,广东
2809,广东
2810,四川
2811,上海
2812,公告栏
2813,海南
2814,广东
2815,禁毒要闻
2816,禁毒要闻
2817,湖南
2818,甘肃
2819,禁毒要闻
2820,海南
2821,广东
2822,湖北
2823,重庆
2824,甘肃
2825,广西
2826,湖南
2827,禁毒人物
2828,江西
2829,甘肃
2830,甘肃
2831,湖南
2832,湖南
2833,四川
2834,甘肃
2835,安徽
2836,安徽
2837,浙江
2838,贵州
2839,黑龙江
2840,禁毒要闻
2841,甘肃
2842,甘肃
2843,广东
2844,禁毒要闻
2845,禁毒人物
2846,禁毒人物
2847,吉林
2848,湖南
2849,湖北
2850,四川
2851,广东
2852,云南
2853,湖南
2854,甘肃
2855,北京
2856,内蒙古
2857,甘肃
2858,山东
2859,广东
2860,青海
2861,广西
2862,山西
2863,湖南
2864,浙江
2865,北京
2866,四川
2867,甘肃
2868,禁毒要闻
2869,甘肃
2870,海南
2871,广东
2872,湖南
2873,浙江
2874,湖南
2875,贵州
2876,湖南
2877,热点评论
2878,甘肃
2879,浙江
2880,上海
2881,云南
2882,禁毒要闻
2883,禁毒要闻
2884,禁毒要闻
2885,禁毒要闻
2886,禁毒要闻
2887,禁毒要闻
2888,毒情动态
2889,禁毒要闻
2890,浙江
2891,四川
2892,禁毒要闻
2893,四川
2894,山东
2895,内蒙古
2896,四川
2897,广西
2898,四川
2899,山东
2900,甘肃
2901,吉林
2902,江苏
2903,云南
2904,禁毒要闻
2905,河南
2906,浙江
2907,吉林
2908,禁毒要闻
2909,江苏
2910,四川
2911,甘肃
2912,内蒙古
2913,内蒙古
2914,湖南
2915,贵州
2916,河北
2917,贵州
2918,禁毒人物
2919,甘肃
2920,内蒙古
2921,湖北
2922,北京
2923,内蒙古
2924,湖南
2925,缉毒破案
2926,江苏
2927,海南
2928,甘肃
2929,禁毒要闻
2930,广西
2931,北京
2932,甘肃
2933,甘肃
2934,甘肃
2935,甘肃
2936,广东
2937,广东
2938,禁毒要闻
2939,陕西
2940,广东
2941,陕西
2942,禁毒要闻
2943,湖南
2944,浙江
2945,山东
2946,禁毒要闻
2947,甘肃
2948,山东
2949,禁毒要闻
2950,禁毒要闻
2951,广东
2952,云南
2953,甘肃
2954,四川
2955,西藏
2956,禁毒人物
2957,黑龙江
2958,热点评论
2959,湖南
2960,缉毒破案
2961,甘肃
2962,广东
2963,山东
2964,广东
2965,甘肃
2966,甘肃
2967,甘肃
2968,甘肃
2969,甘肃
2970,广东
2971,安徽
2972,禁毒要闻
2973,禁毒要闻
2974,甘肃
2975,广东
2976,广东
2977,禁毒要闻
2978,禁毒人物
2979,湖南
2980,安徽
2981,缉毒破案
2982,禁毒要闻
2983,缉毒破案
2984,贵州
2985,甘肃
2986,毒情动态
2987,热点评论
2988,缉毒破案
2989,缉毒破案
2990,深度追踪
2991,深度追踪
2992,缉毒破案
2993,四川
2994,江苏
2995,甘肃
2996,广东
2997,宣传报道
2998,湖南
2999,禁毒要闻
3000,禁毒要闻
3001,热点评论
3002,江西
3003,热点评论
3004,甘肃
3005,缉毒破案
3006,缉毒破案
3007,热点评论
3008,深度追踪
3009,河南
3010,甘肃
3011,云南
3012,缉毒破案
3013,缉毒破案
3014,深度报道
3015,热点评论
3016,甘肃
3017,深度追踪
3018,安徽
3019,禁毒要闻
3020,深度追踪
3021,内蒙古
3022,山西
3023,福建
3024,禁毒要闻
3025,黑龙江
3026,上海
3027,内蒙古
3028,陕西
3029,山东
3030,安徽
3031,禁毒要闻
3032,贵州
3033,广东
3034,云南
3035,福建
3036,四川
3037,甘肃
3038,禁毒要闻
3039,贵州
3040,江苏
3041,青海
3042,山西
3043,福建
3044,甘肃
3045,甘肃
3046,甘肃
3047,江西
3048,禁毒要闻
3049,禁毒要闻
3050,禁毒要闻
3051,内蒙古
3052,海南
3053,禁毒要闻
3054,湖南
3055,禁毒要闻
3056,山东
3057,山西
3058,四川
3059,甘肃
3060,禁毒要闻
3061,禁毒要闻
3062,禁毒要闻
3063,禁毒要闻
3064,禁毒要闻
3065,禁毒要闻
3066,山西
3067,广东
3068,热点评论
3069,广西
3070,禁毒人物
3071,四川
3072,福建
3073,甘肃
3074,贵州
3075,禁毒要闻
3076,甘肃
3077,辽宁
3078,安徽
3079,热点评论
3080,禁毒要闻
3081,深度报道
3082,禁毒要闻
3083,缉毒破案
3084,甘肃
3085,山东
3086,广西
3087,广东
3088,热点评论
3089,热点评论
3090,湖南
3091,禁毒要闻
3092,安徽
3093,安徽
3094,热点评论
3095,山西
3096,四川
3097,上海
3098,上海
3099,上海
3100,上海
3101,上海
3102,上海
3103,上海
3104,热点评论
3105,热点评论
3106,深度报道
3107,广西
3108,甘肃
3109,热点评论
3110,禁毒要闻
3111,热点评论
3112,缉毒破案
3113,海南
3114,缉毒破案
3115,广东
3116,禁毒要闻
3117,缉毒破案
3118,福建
3119,宣传报道
3120,缉毒破案
3121,热点评论
3122,重庆
3123,禁毒要闻
3124,缉毒破案
3125,热点评论
3126,禁毒要闻
3127,禁毒要闻
3128,广东
3129,热点评论
3130,吉林
3131,安徽
3132,湖南
3133,安徽
3134,甘肃
3135,浙江
3136,浙江
3137,上海
3138,四川
3139,广东
3140,湖南
3141,广东
3142,广东
3143,上海
3144,贵州
3145,江苏
3146,陕西
3147,江西
3148,新疆
3149,山东
3150,贵州
3151,甘肃
3152,甘肃
3153,江苏
3154,江苏
3155,甘肃
3156,内蒙古
3157,宁夏
3158,云南
3159,广东
3160,云南
3161,广东
3162,贵州
3163,湖南
3164,湖南
3165,海南
3166,广东
3167,缉毒破案
3168,禁毒要闻
3169,缉毒破案
3170,贵州
3171,禁毒要闻
3172,安徽
3173,禁毒要闻
3174,禁毒要闻
3175,重庆
3176,缉毒破案
3177,缉毒破案
3178,内蒙古
3179,上海
3180,禁毒要闻
3181,禁毒要闻
3182,禁毒要闻
3183,贵州
3184,福建
3185,禁毒要闻
3186,禁毒要闻
3187,禁毒要闻
3188,禁毒要闻
3189,禁毒要闻
3190,禁毒要闻
3191,贵州
3192,禁毒要闻
3193,禁毒要闻
3194,禁毒要闻
3195,甘肃
3196,禁毒要闻
3197,禁毒要闻
3198,禁毒要闻
3199,禁毒要闻
3200,禁毒要闻
3201,贵州
3202,重庆
3203,广东
3204,广东
3205,贵州
3206,禁毒要闻
3207,禁毒要闻
3208,甘肃
3209,深度追踪
3210,北京
3211,深度追踪
3212,广西
3213,贵州
3214,四川
3215,禁毒要闻
3216,宣传报道
3217,热点评论
3218,热点评论
3219,禁毒人物
3220,缉毒破案
3221,热点评论
3222,江西
3223,甘肃
3224,甘肃
3225,贵州
3226,禁毒要闻
3227,云南
3228,江苏
3229,禁毒要闻
3230,浙江
3231,海南
3232,湖南
3233,禁毒要闻
3234,云南
3235,甘肃
3236,甘肃
3237,江西
3238,浙江
3239,宣传报道
3240,禁毒要闻
3241,福建
3242,山东
3243,云南
3244,海南
3245,各地新闻
3246,各地新闻
3247,广东
3248,禁毒宣传
3249,福建
3250,山东
3251,禁毒要闻
3252,禁毒要闻
3253,缉毒破案
3254,禁毒要闻
3255,禁毒要闻
3256,禁毒要闻
3257,禁毒要闻
3258,甘肃
3259,甘肃
3260,甘肃
3261,甘肃
3262,甘肃
3263,福建
3264,湖南
3265,湖南
3266,湖南
3267,禁毒要闻
3268,禁毒要闻
3269,禁毒要闻
3270,禁毒要闻
3271,禁毒要闻
3272,湖北
3273,禁毒要闻
3274,禁毒要闻
3275,禁毒要闻
3276,缉毒破案
3277,禁毒人物
3278,各地新闻
3279,各地新闻
3280,湖南
3281,云南
3282,河南
3283,禁毒要闻
3284,禁毒要闻
3285,禁毒要闻
3286,禁毒要闻
3287,禁毒要闻
3288,广东
3289,湖南
3290,缉毒破案
3291,禁毒要闻
3292,热点评论
3293,内蒙古
3294,禁毒要闻
3295,热点评论
3296,深度报道
3297,深度报道
3298,曝光台
3299,贵州
3300,安徽
3301,禁毒要闻
3302,宣传报道
3303,陕西
3304,河北
3305,甘肃
3306,广西
3307,广东
3308,甘肃
3309,热点评论
3310,云南
3311,湖南
3312,四川
3313,黑龙江
3314,湖南
3315,禁毒要闻
3316,禁毒要闻
3317,深度追踪
3318,湖北
3319,缉毒破案
3320,海南
3321,贵州
3322,缉毒破案
3323,缉毒破案
3324,禁毒要闻
3325,热点评论
3326,深度追踪
3327,毒情动态
3328,湖南
3329,浙江
3330,广西
3331,禁毒要闻
3332,禁毒要闻
3333,湖南
3334,内蒙古
3335,浙江
3336,山西
3337,贵州
3338,江苏
3339,安徽
3340,内蒙古
3341,河南
3342,四川
3343,甘肃
3344,湖南
3345,青海
3346,云南
3347,广东
3348,禁毒人物
3349,广东
3350,缉毒破案
3351,禁毒要闻
3352,广东
3353,禁毒要闻
3354,禁毒要闻
3355,曝光台
3356,江西
3357,甘肃
3358,缉毒破案
3359,甘肃
3360,贵州
3361,广东
3362,湖南
3363,青海
3364,缉毒破案
3365,热点评论
3366,缉毒破案
3367,缉毒破案
3368,曝光台
3369,缉毒破案
3370,深度追踪
3371,缉毒破案
3372,深度追踪
3373,湖南
3374,缉毒破案
3375,缉毒破案
3376,上海
3377,山西
3378,广西
3379,贵州
3380,湖南
3381,广东
3382,禁毒要闻
3383,禁毒要闻
3384,甘肃
3385,贵州
3386,贵州
3387,湖南
3388,甘肃
3389,甘肃
3390,湖南
3391,河南
3392,天津
3393,禁毒要闻
3394,贵州
3395,贵州
3396,禁毒要闻
3397,甘肃
3398,云南
3399,山东
3400,江苏
3401,上海
3402,贵州
3403,禁毒人物
3404,宁夏
3405,湖南
3406,浙江
3407,贵州
3408,内蒙古
3409,禁毒要闻
3410,湖南
3411,安徽
3412,湖南
3413,广东
3414,贵州
3415,四川
3416,广东
3417,福建
3418,广东
3419,湖南
3420,山东
3421,上海
3422,贵州
3423,河北
3424,江苏
3425,禁毒要闻
3426,禁毒要闻
3427,湖南
3428,禁毒要闻
3429,四川
3430,甘肃
3431,甘肃
3432,甘肃
3433,禁毒要闻
3434,湖南
3435,湖南
3436,湖南
3437,贵州
3438,贵州
3439,黑龙江
3440,广东
3441,甘肃
3442,山西
3443,禁毒要闻
3444,甘肃
3445,禁毒要闻
3446,四川
3447,湖北
3448,禁毒要闻
3449,湖北
3450,河南
3451,江西
3452,四川
3453,湖南
3454,甘肃
3455,北京
3456,甘肃
3457,甘肃
3458,甘肃
3459,四川
3460,广东
3461,浙江
3462,禁毒要闻
3463,禁毒要闻
3464,福建
3465,甘肃
3466,禁毒要闻
3467,广东
3468,安徽
3469,内蒙古
3470,安徽
3471,禁毒要闻
3472,安徽
3473,北京
3474,辽宁
3475,内蒙古
3476,新疆
3477,广东
3478,禁毒要闻
3479,禁毒人物
3480,禁毒人物
3481,河南
3482,甘肃
3483,吉林
3484,海南
3485,禁毒要闻
3486,云南
3487,贵州
3488,禁毒人物
3489,内蒙古
3490,甘肃
3491,甘肃
3492,甘肃
3493,天津
3494,福建
3495,四川
3496,四川
3497,广西
3498,上海
3499,山西
3500,禁毒要闻
3501,贵州
3502,宁夏
3503,河北
3504,禁毒要闻
3505,甘肃
3506,河南
3507,北京
3508,禁毒要闻
3509,禁毒要闻
3510,湖南
3511,禁毒要闻
3512,禁毒人物
3513,四川
3514,禁毒要闻
3515,内蒙古
3516,甘肃
3517,河南
3518,禁毒要闻
3519,禁毒要闻
3520,天津
3521,江苏
3522,禁毒要闻
3523,湖南
3524,辽宁
3525,禁毒要闻
3526,江苏
3527,湖南
3528,福建
3529,浙江
3530,湖南
3531,甘肃
3532,海南
3533,湖南
3534,禁毒要闻
3535,缉毒破案
3536,缉毒破案
3537,湖北
3538,缉毒破案
3539,吉林
3540,禁毒要闻
3541,四川
3542,湖南
3543,江苏
3544,新疆
3545,禁毒视频
3546,安徽
3547,上海
3548,山西
3549,禁毒要闻
3550,毒情动态
3551,毒情动态
3552,贵州
3553,广东
3554,禁毒要闻
3555,禁毒要闻
3556,禁毒要闻
3557,禁毒要闻
3558,禁毒要闻
3559,禁毒要闻
3560,广西
3561,湖南
3562,禁毒要闻
3563,缉毒破案
3564,山东
3565,禁毒要闻
3566,禁毒要闻
3567,禁毒要闻
3568,云南
3569,云南
3570,云南
3571,云南
3572,云南
3573,云南
3574,禁毒要闻
3575,浙江
3576,甘肃
3577,贵州
3578,禁毒要闻
3579,禁毒人物
3580,禁毒要闻
3581,缉毒破案
3582,天津
3583,黑龙江
3584,上海
3585,贵州
3586,贵州
3587,福建
3588,上海
3589,云南
3590,贵州
3591,湖南
3592,湖南
3593,云南
3594,上海
3595,湖北
3596,禁毒要闻
3597,甘肃
3598,禁毒要闻
3599,禁毒要闻
3600,禁毒要闻
3601,贵州
3602,禁毒要闻
3603,禁毒要闻
3604,宣传报道
3605,宣传报道
3606,禁毒要闻
3607,禁毒要闻
3608,禁毒要闻
3609,禁毒要闻
3610,禁毒要闻
3611,禁毒要闻
3612,禁毒要闻
3613,禁毒要闻
3614,禁毒要闻
3615,天津
3616,贵州
3617,江西
3618,江西
3619,上海
3620,缉毒破案
3621,禁毒要闻
3622,天津
3623,禁毒要闻
3624,河南
3625,福建
3626,江苏
3627,江苏
3628,热点评论
3629,禁毒要闻
3630,禁毒要闻
3631,禁毒要闻
3632,甘肃
3633,福建
3634,广东
3635,热点评论
3636,重庆
3637,深度追踪
3638,热点评论
3639,北京
3640,北京
3641,禁毒要闻
3642,广东
3643,内蒙古
3644,缉毒破案
3645,缉毒破案
3646,广东
3647,深度追踪
3648,宣传报道
3649,深度报道
3650,重庆
3651,热点评论
3652,热点评论
3653,广东
3654,贵州
3655,湖南
3656,广西
3657,禁毒要闻
3658,浙江
3659,禁毒要闻
3660,四川
3661,禁毒要闻
3662,北京
3663,广东
3664,禁毒要闻
3665,禁毒要闻
3666,禁毒要闻
3667,河南
3668,山东
3669,新疆
3670,山东
3671,河南
3672,四川
3673,吉林
3674,禁毒要闻
3675,江西
3676,湖南
3677,广东
3678,江苏
3679,吉林
3680,广西
3681,禁毒要闻
3682,禁毒要闻
3683,禁毒要闻
3684,江苏
3685,四川
3686,贵州
3687,北京
3688,湖南
3689,安徽
3690,广东
3691,禁毒要闻
3692,山西
3693,山西
3694,甘肃
3695,甘肃
3696,禁毒要闻
3697,云南
3698,云南
3699,上海
3700,福建
3701,甘肃
3702,内蒙古
3703,禁毒要闻
3704,禁毒要闻
3705,禁毒要闻
3706,甘肃
3707,禁毒要闻
3708,江苏
3709,福建
3710,河南
3711,禁毒要闻
3712,禁毒要闻
3713,禁毒要闻
3714,贵州
3715,禁毒要闻
3716,海南
3717,广东
3718,四川
3719,甘肃
3720,广东
3721,禁毒要闻
3722,禁毒要闻
3723,禁毒要闻
3724,禁毒要闻
3725,禁毒要闻
3726,热点评论
3727,广东
3728,广东
3729,湖南
3730,深度报道
3731,缉毒破案
3732,禁毒要闻
3733,福建
3734,甘肃
3735,吉林
3736,青海
3737,内蒙古
3738,甘肃
3739,禁毒要闻
3740,禁毒要闻
3741,禁毒要闻
3742,禁毒要闻
3743,广西
3744,江苏
3745,湖北
3746,安徽
3747,广东
3748,广东
3749,贵州
3750,辽宁
3751,禁毒要闻
3752,河南
3753,禁毒要闻
3754,甘肃
3755,四川
3756,天津
3757,云南
3758,禁毒人物
3759,重庆
3760,甘肃
3761,甘肃
3762,甘肃
3763,甘肃
3764,甘肃
3765,贵州
3766,福建
3767,禁毒要闻
3768,深度报道
3769,山东
3770,湖南
3771,青海
3772,吉林
3773,广西
3774,广西
3775,上海
3776,四川
3777,黑龙江
3778,福建
3779,河北
3780,贵州
3781,广东
3782,宁夏
3783,辽宁
3784,贵州
3785,上海
3786,云南
3787,贵州
3788,禁毒人物
3789,贵州
3790,新疆
3791,甘肃
3792,上海
3793,青海
3794,甘肃
3795,江苏
3796,广西
3797,浙江
3798,四川
3799,湖南
3800,禁毒要闻
3801,安徽
3802,缉毒破案
3803,四川
3804,吉林
3805,热点评论
3806,深度报道
3807,青海
3808,深度报道
3809,热点评论
3810,热点评论
3811,禁毒要闻
3812,浙江
3813,湖南
3814,广东
3815,广东
3816,陕西
3817,禁毒要闻
3818,北京
3819,甘肃
3820,内蒙古
3821,禁毒人物
3822,内蒙古
3823,重庆
3824,辽宁
3825,湖南
3826,云南
3827,陕西
3828,四川
3829,福建
3830,河南
3831,内蒙古
3832,四川
3833,缉毒破案
3834,四川
3835,贵州
3836,黑龙江
3837,甘肃
3838,上海
3839,禁毒宣传
3840,贵州
3841,甘肃
3842,安徽
3843,湖南
3844,福建
3845,禁毒要闻
3846,云南
3847,云南
3848,云南
3849,云南
3850,禁毒要闻
3851,禁毒要闻
3852,热点评论
3853,禁毒要闻
3854,新疆
3855,新疆
3856,重庆
3857,湖北
3858,四川
3859,四川
3860,四川
3861,禁毒要闻
3862,甘肃
3863,贵州
3864,贵州
3865,四川
3866,贵州
3867,禁毒要闻
3868,禁毒要闻
3869,缉毒破案
3870,深度报道
3871,缉毒破案
3872,天津
3873,山西
3874,广西
3875,禁毒人物
3876,内蒙古
3877,天津
3878,山东
3879,禁毒要闻
3880,河北
3881,缉毒破案
3882,河北
3883,北京
3884,河北
3885,河北
3886,山东
3887,云南
3888,禁毒要闻
3889,云南
3890,四川
3891,内蒙古
3892,甘肃
3893,甘肃
3894,甘肃
3895,天津
3896,禁毒要闻
3897,禁毒要闻
3898,贵州
3899,禁毒要闻
3900,湖南
3901,海南
3902,浙江
3903,云南
3904,湖南
3905,上海
3906,禁毒要闻
3907,内蒙古
3908,河北
3909,山西
3910,贵州
3911,天津
3912,上海
3913,福建
3914,山西
3915,广东
3916,上海
3917,内蒙古
3918,禁毒要闻
3919,禁毒要闻
3920,江苏
3921,甘肃
3922,甘肃
3923,禁毒要闻
3924,天津
3925,禁毒要闻
3926,福建
3927,河南
3928,深度报道
3929,禁毒人物
3930,禁毒人物
3931,广东
3932,海南
3933,湖南
3934,江苏
3935,宣传报道
3936,禁毒要闻
3937,深度追踪
3938,热点评论
3939,贵州
3940,热点评论
3941,缉毒破案
3942,禁毒要闻
3943,贵州
3944,广东
3945,北京
3946,安徽
3947,上海
3948,上海
3949,四川
3950,禁毒要闻
3951,深度报道
3952,甘肃
3953,山东
3954,广东
3955,山东
3956,甘肃
3957,云南
3958,禁毒要闻
3959,深度追踪
3960,甘肃
3961,广东
3962,禁毒要闻
3963,四川
3964,辽宁
3965,贵州
3966,禁毒要闻
3967,禁毒要闻
3968,广西
3969,河南
3970,黑龙江
3971,安徽
3972,浙江
3973,山西
3974,禁毒教育
3975,广东
3976,重庆
3977,贵州
3978,贵州
3979,甘肃
3980,内蒙古
3981,禁毒要闻
3982,禁毒要闻
3983,禁毒要闻
3984,湖南
3985,甘肃
3986,禁毒要闻
3987,禁毒要闻
3988,禁毒要闻
3989,广东
3990,禁毒人物
3991,缉毒破案
3992,西藏
3993,江苏
3994,内蒙古
3995,山西
3996,宁夏
3997,四川
3998,贵州
3999,上海
4000,辽宁
4001,上海
4002,江苏
4003,贵州
4004,湖南
4005,安徽
4006,湖南
4007,海南
4008,禁毒要闻
4009,山西
4010,广西
4011,福建
4012,安徽
4013,甘肃
4014,广西
4015,新疆
4016,福建
4017,辽宁
4018,广东
4019,广西
4020,甘肃
4021,深度追踪
4022,缉毒破案
4023,热点评论
4024,贵州
4025,热点评论
4026,内蒙古
4027,新疆
4028,江苏
4029,山东
4030,甘肃
4031,上海
4032,四川
4033,陕西
4034,甘肃
4035,上海
4036,禁毒要闻
4037,热点评论
4038,河南
4039,深度追踪
4040,河南
4041,四川
4042,海南
4043,内蒙古
4044,宁夏
4045,贵州
4046,甘肃
4047,甘肃
4048,甘肃
4049,湖南
4050,禁毒要闻
4051,山西
4052,北京
4053,北京
4054,贵州
4055,河南
4056,广东
4057,禁毒要闻
4058,禁毒要闻
4059,缉毒破案
4060,缉毒破案
4061,青海
4062,山西
4063,重庆
4064,深度追踪
4065,湖北
4066,安徽
4067,山东
4068,陕西
4069,深度报道
4070,宁夏
4071,禁毒要闻
4072,贵州
4073,海南
4074,安徽
4075,海南
4076,海南
4077,江西
4078,江苏
4079,禁毒要闻
4080,禁毒要闻
4081,广东
4082,安徽
4083,甘肃
4084,海南
4085,禁毒要闻
4086,禁毒要闻
4087,贵州
4088,贵州
4089,甘肃
4090,天津
4091,湖南
4092,甘肃
4093,甘肃
4094,湖南
4095,禁毒要闻
4096,贵州
4097,禁毒要闻
4098,黑龙江
4099,湖南
4100,云南
4101,甘肃
4102,山西
4103,禁毒要闻
4104,甘肃
4105,禁毒要闻
4106,贵州
4107,黑龙江
4108,禁毒要闻
4109,天津
4110,广西
4111,热点评论
4112,四川
4113,湖南
4114,贵州
4115,四川
4116,湖南
4117,湖南
4118,上海
4119,贵州
4120,吉林
4121,河北
4122,禁毒要闻
4123,禁毒要闻
4124,内蒙古
4125,湖南
4126,重庆
4127,湖南
4128,福建
4129,甘肃
4130,湖南
4131,湖南
4132,上海
4133,深度报道
4134,热点评论
4135,四川
4136,四川
4137,禁毒要闻
4138,缉毒破案
4139,甘肃
4140,四川
4141,贵州
4142,新疆
4143,江西
4144,广东
4145,甘肃
4146,江西
4147,四川
4148,甘肃
4149,贵州
4150,深度追踪
4151,广东
4152,甘肃
4153,湖南
4154,内蒙古
4155,湖南
4156,湖南
4157,山东
4158,湖北
4159,贵州
4160,山西
4161,深度追踪
4162,福建
4163,河北
4164,湖南
4165,贵州
4166,热点评论
4167,安徽
4168,禁毒要闻
4169,吉林
4170,湖南
4171,四川
4172,广东
4173,湖南
4174,缉毒破案
4175,禁毒要闻
4176,湖南
4177,内蒙古
4178,四川
4179,广西
4180,广西
4181,内蒙古
4182,甘肃
4183,贵州
4184,广东
4185,安徽
4186,深度报道
4187,北京
4188,热点评论
4189,内蒙古
4190,河北
4191,热点评论
4192,广东
4193,湖北
4194,甘肃
4195,广东
4196,云南
4197,天津
4198,北京
4199,禁毒人物
4200,北京
4201,四川
4202,云南
4203,安徽
4204,湖北
4205,缉毒破案
4206,广东
4207,辽宁
4208,缉毒破案
4209,禁毒要闻
4210,浙江
4211,禁毒人物
4212,甘肃
4213,云南
4214,江苏
4215,内蒙古
4216,宁夏
4217,广西
4218,山西
4219,内蒙古
4220,广东
4221,福建
4222,天津
4223,山东
4224,缉毒破案
4225,禁毒要闻
4226,禁毒要闻
4227,云南
4228,贵州
4229,贵州
4230,贵州
4231,禁毒要闻
4232,甘肃
4233,山西
4234,浙江
4235,山西
4236,天津
4237,禁毒要闻
4238,江苏
4239,江西
4240,禁毒要闻
4241,禁毒要闻
4242,内蒙古
4243,深度报道
4244,深度报道
4245,湖北
4246,内蒙古
4247,热点评论
4248,黑龙江
4249,云南
4250,甘肃
4251,深度追踪
4252,广西
4253,福建
4254,深度报道
4255,湖北
4256,热点评论
4257,禁毒教育
4258,甘肃
4259,河南
4260,山西
4261,青海
4262,禁毒要闻
4263,内蒙古
4264,禁毒要闻
4265,海南
4266,禁毒要闻
4267,禁毒要闻
4268,四川
4269,江西
4270,贵州
4271,山东
4272,湖南
4273,陕西
4274,广西
4275,湖北
4276,山东
4277,贵州
4278,浙江
4279,甘肃
4280,内蒙古
4281,广西
4282,浙江
4283,甘肃
4284,甘肃
4285,山东
4286,甘肃
4287,广西
4288,缉毒破案
4289,缉毒破案
4290,各地新闻
4291,深度报道
4292,甘肃
4293,宁夏
4294,公告栏
4295,湖南
4296,禁毒要闻
4297,广西
4298,贵州
4299,北京
4300,各地新闻
4301,云南
4302,云南
4303,云南
4304,云南
4305,深度报道
4306,热点评论
4307,云南
4308,浙江
4309,禁毒要闻
4310,海南
4311,禁毒要闻
4312,禁毒要闻
4313,深度报道
4314,江苏
4315,江西
4316,广东
4317,禁毒要闻
4318,河南
4319,甘肃
4320,缉毒破案
4321,广东
4322,吉林
4323,禁毒要闻
4324,热点评论
4325,禁毒要闻
4326,湖南
4327,湖南
4328,北京
4329,禁毒要闻
4330,湖南
4331,禁毒要闻
4332,禁毒要闻
4333,甘肃
4334,甘肃
4335,甘肃
4336,禁毒要闻
4337,甘肃
4338,湖南
4339,禁毒要闻
4340,深度追踪
4341,甘肃
4342,甘肃
4343,禁毒要闻
4344,湖南
4345,禁毒要闻
4346,热点评论
4347,禁毒要闻
4348,四川
4349,禁毒要闻
4350,安徽
4351,山东
4352,山东
4353,贵州
4354,广西
4355,四川
4356,内蒙古
4357,广西
4358,贵州
4359,广西
4360,上海
4361,甘肃
4362,云南
4363,安徽
4364,江苏
4365,深度追踪
4366,甘肃
4367,湖南
4368,禁毒要闻
4369,热点评论
4370,热点评论
4371,深度报道
4372,禁毒要闻
4373,深度追踪
4374,深度报道
4375,缉毒破案
4376,缉毒破案
4377,深度报道
4378,江西
4379,河北
4380,河北
4381,陕西
4382,吉林
4383,河南
4384,热点评论
4385,湖南
4386,湖南
4387,深度报道
4388,热点评论
4389,安徽
4390,河南
4391,江西
4392,广西
4393,禁毒人物
4394,禁毒要闻
4395,缉毒破案
4396,缉毒破案
4397,缉毒破案
4398,缉毒破案
4399,河北
4400,湖南
4401,宣传报道
4402,禁毒要闻
4403,广东
4404,湖南
4405,贵州
4406,广东
4407,吉林
4408,广东
4409,湖北
4410,北京
4411,缉毒破案
4412,缉毒破案
4413,禁毒要闻
4414,禁毒人物
4415,禁毒人物
4416,安徽
4417,湖南
4418,广东
4419,四川
4420,缉毒破案
4421,禁毒要闻
4422,禁毒要闻
4423,四川
4424,热点评论
4425,热点评论
4426,福建
4427,广东
4428,禁毒要闻
4429,贵州
4430,湖北
4431,禁毒要闻
4432,安徽
4433,云南
4434,深度追踪
4435,云南
4436,热点评论
4437,浙江
4438,江西
4439,禁毒要闻
4440,天津
4441,浙江
4442,缉毒破案
4443,禁毒要闻
4444,禁毒要闻
4445,云南
4446,云南
4447,云南
4448,云南
4449,云南
4450,云南
4451,云南
4452,山西
4453,深度报道
4454,热点评论
4455,禁毒要闻
4456,山西
4457,热点评论
4458,禁毒要闻
4459,内蒙古
4460,江西
4461,贵州
4462,甘肃
4463,禁毒要闻
4464,四川
4465,禁毒要闻
4466,贵州
4467,山东
4468,上海
4469,贵州
4470,贵州
4471,甘肃
4472,甘肃
4473,甘肃
4474,湖南
4475,广西
4476,山西
4477,禁毒人物
4478,禁毒要闻
4479,新疆
4480,缉毒破案
4481,禁毒要闻
4482,禁毒要闻
4483,江西
4484,山东
4485,禁毒要闻
4486,禁毒要闻
4487,禁毒要闻
4488,禁毒要闻
4489,热点评论
4490,禁毒要闻
4491,广东
4492,湖南
4493,湖南
4494,辽宁
4495,禁毒要闻
4496,贵州
4497,山东
4498,江苏
4499,江苏
4500,湖北
4501,贵州
4502,河北
4503,海南
4504,深度报道
4505,浙江
4506,甘肃
4507,广东
4508,江西
4509,热点评论
4510,江苏
4511,禁毒要闻
4512,热点评论
4513,深度追踪
4514,海南
4515,禁毒要闻
4516,湖南
4517,广西
4518,各地新闻
4519,热点评论
4520,内蒙古
4521,禁毒要闻
4522,宁夏
4523,广东
4524,四川
4525,宁夏
4526,禁毒要闻
4527,宣传报道
4528,禁毒要闻
4529,海南
4530,安徽
4531,江西
4532,广东
4533,热点评论
4534,广东
4535,湖南
4536,贵州
4537,湖南
4538,宣传报道
4539,甘肃
4540,禁毒要闻
4541,禁毒要闻
4542,缉毒破案
4543,新疆
4544,海南
4545,河南
4546,深度追踪
4547,禁毒人物
4548,禁毒要闻
4549,甘肃
4550,贵州
4551,宣传报道
4552,安徽
4553,禁毒要闻
4554,贵州
4555,禁毒要闻
4556,湖北
4557,贵州
4558,禁毒要闻
4559,禁毒人物
4560,安徽
4561,禁毒要闻
4562,湖南
4563,贵州
4564,宁夏
4565,湖南
4566,热点评论
4567,江苏
4568,热点评论
4569,湖南
4570,云南
4571,黑龙江
4572,云南
4573,江西
4574,甘肃
4575,四川
4576,西藏
4577,甘肃
4578,安徽
4579,内蒙古
4580,甘肃
4581,上海
4582,四川
4583,宁夏
4584,宣传报道
4585,贵州
4586,贵州
4587,湖南
4588,甘肃
4589,广西
4590,广西
4591,志愿者
4592,广东
4593,禁毒要闻
4594,禁毒要闻
4595,宣传报道
4596,禁毒要闻
4597,贵州
4598,贵州
4599,贵州
4600,安徽
4601,河南
4602,禁毒要闻
4603,缉毒破案
4604,贵州
4605,贵州
4606,甘肃
4607,广东
4608,浙江
4609,安徽
4610,宁夏
4611,浙江
4612,河南
4613,山东
4614,江苏
4615,深度追踪
4616,热点评论
4617,江西
4618,缉毒破案
4619,禁毒要闻
4620,禁毒要闻
4621,缉毒破案
4622,热点评论
4623,江苏
4624,湖南
4625,缉毒破案
4626,深度追踪
4627,山东
4628,山东
4629,四川
4630,陕西
4631,贵州
4632,贵州
4633,热点评论
4634,深度追踪
4635,广东
4636,贵州
4637,湖南
4638,安徽
4639,上海
4640,青海
4641,安徽
4642,安徽
4643,禁毒要闻
4644,四川
4645,贵州
4646,安徽
4647,浙江
4648,贵州
4649,内蒙古
4650,宣传报道
4651,宣传报道
4652,禁毒要闻
4653,上海
4654,天津
4655,贵州
4656,内蒙古
4657,禁毒要闻
4658,禁毒要闻
4659,禁毒要闻
4660,热点评论
4661,甘肃
4662,贵州
4663,贵州
4664,湖北
4665,甘肃
4666,湖南
4667,贵州
4668,甘肃
4669,湖南
4670,广东
4671,福建
4672,广东
4673,甘肃
4674,深度报道
4675,江苏
4676,湖南
4677,山东
4678,毒情动态
4679,黑龙江
4680,云南
4681,山西
4682,海南
4683,四川
4684,深度报道
4685,山西
4686,甘肃
4687,禁毒要闻
4688,甘肃
4689,甘肃
4690,禁毒要闻
4691,禁毒要闻
4692,湖南
4693,禁毒要闻
4694,浙江
4695,深度报道
4696,贵州
4697,禁毒要闻
4698,甘肃
4699,湖南
4700,禁毒人物
4701,宣传报道
4702,甘肃
4703,甘肃
4704,禁毒要闻
4705,禁毒要闻
4706,禁毒要闻
4707,禁毒要闻
4708,禁毒要闻
4709,深度报道
4710,福建
4711,海南
4712,海南
4713,四川
4714,安徽
4715,热点评论
4716,陕西
4717,曝光台
4718,北京
4719,缉毒破案
4720,深度报道
4721,热点评论
4722,广东
4723,毒情动态
4724,山东
4725,安徽
4726,黑龙江
4727,辽宁
4728,陕西
4729,贵州
4730,四川
4731,河南
4732,四川
4733,四川
4734,禁毒要闻
4735,广东
4736,内蒙古
4737,贵州
4738,海南
4739,甘肃
4740,甘肃
4741,甘肃
4742,甘肃
4743,上海
4744,湖南
4745,广东
4746,贵州
4747,禁毒要闻
4748,宣传报道
4749,禁毒要闻
4750,贵州
4751,山西
4752,热点评论
4753,深度报道
4754,内蒙古
4755,禁毒要闻
4756,浙江
4757,禁毒要闻
4758,江苏
4759,广东
4760,禁毒要闻
4761,毒情动态
4762,热点评论
4763,四川
4764,禁毒要闻
4765,深度报道
4766,缉毒破案
4767,广东
4768,四川
4769,安徽
4770,山西
4771,贵州
4772,宁夏
4773,禁毒要闻
4774,禁毒要闻
4775,缉毒破案
4776,河南
4777,湖南
4778,安徽
4779,福建
4780,安徽
4781,深度追踪
4782,山东
4783,北京
4784,深度报道
4785,热点评论
4786,内蒙古
4787,四川
4788,贵州
4789,浙江
4790,浙江
4791,贵州
4792,甘肃
4793,禁毒要闻
4794,上海
4795,禁毒要闻
4796,禁毒要闻
4797,禁毒要闻
4798,禁毒要闻
4799,禁毒要闻
4800,贵州
4801,热点评论
4802,热点评论
4803,禁毒要闻
4804,湖北
4805,深度报道
4806,安徽
4807,云南
4808,热点评论
4809,禁毒要闻
4810,云南
4811,禁毒要闻
4812,禁毒要闻
4813,吉林
4814,云南
4815,安徽
4816,浙江
4817,黑龙江
4818,热点评论
4819,禁毒要闻
4820,禁毒要闻
4821,禁毒要闻
4822,禁毒要闻
4823,热点评论
4824,各地新闻
4825,新疆
4826,缉毒破案
4827,深度报道
4828,禁毒要闻
4829,禁毒要闻
4830,广东
4831,辽宁
4832,毒情动态
4833,各地新闻
4834,禁毒要闻
4835,深度报道
4836,禁毒要闻
4837,禁毒要闻
4838,禁毒要闻
4839,禁毒要闻
4840,禁毒要闻
4841,禁毒要闻
4842,河北
4843,河北
4844,河北
4845,河北
4846,河北
4847,河北
4848,河北
4849,河北
4850,河北
4851,河北
4852,河北
4853,河北
4854,河北
4855,河北
4856,河北
4857,河北
4858,河北
4859,河北
4860,河北
4861,河北
4862,河北
4863,河北
4864,河北
4865,河北
4866,河北
4867,河北
4868,河北
4869,河北
4870,河北
4871,河北
4872,河北
4873,河北
4874,河北
4875,河北
4876,河北
4877,河北
4878,河北
4879,河北
4880,河北
4881,河北
4882,河北
4883,河北
4884,河北
4885,河北
4886,河北
4887,河北
4888,河北
4889,河北
4890,河北
4891,河北
4892,湖南
4893,广东
4894,四川
4895,江苏
4896,广西
4897,河南
4898,内蒙古
4899,山东
4900,禁毒要闻
4901,贵州
4902,热点评论
4903,四川
4904,甘肃
4905,禁毒要闻
4906,禁毒要闻
4907,禁毒要闻
4908,湖南
4909,广东
4910,甘肃
4911,贵州
4912,各地新闻
4913,贵州
4914,甘肃
4915,戒毒工作
4916,各地新闻
4917,禁毒要闻
4918,宣传报道
4919,江苏
4920,宁夏
4921,山西
4922,山东
4923,广西
4924,安徽
4925,广西
4926,热点评论
4927,禁毒故事
4928,安徽
4929,甘肃
4930,甘肃
4931,热点评论
4932,新疆
4933,山西
4934,禁毒人物
4935,安徽
4936,安徽
4937,深度报道
4938,深度报道
4939,贵州
4940,禁毒要闻
4941,贵州
4942,禁毒要闻
4943,禁毒视频
4944,湖北
4945,天津
4946,禁毒要闻
4947,贵州
4948,志愿者
4949,深度报道
4950,新疆
4951,热点评论
4952,广西
4953,陕西
4954,深度报道
4955,湖北
4956,贵州
4957,山东
4958,陕西
4959,深度追踪
4960,山东
4961,缉毒破案
4962,北京
4963,毒情动态
4964,热点评论
4965,深度报道
4966,缉毒破案
4967,云南
4968,山西
4969,湖南
4970,浙江
4971,浙江
4972,青海
4973,热点评论
4974,新疆
4975,贵州
4976,贵州
4977,上海
4978,禁毒要闻
4979,山东
4980,四川
4981,甘肃
4982,湖南
4983,深度报道
4984,甘肃
4985,禁毒故事
4986,公告栏
4987,福建
4988,上海
4989,湖南
4990,宁夏
4991,湖南
4992,贵州
4993,浙江
4994,江苏
4995,宁夏
4996,禁毒要闻
4997,宣传报道
4998,山东
4999,江西
5000,新疆
5001,贵州
5002,宣传报道
5003,贵州
5004,江苏
5005,江苏
5006,禁毒要闻
5007,宣传报道
5008,禁毒要闻
5009,四川
5010,禁毒要闻
5011,贵州
5012,广东
5013,陕西
5014,甘肃
5015,宁夏
5016,深度报道
5017,深度报道
5018,热点评论
5019,热点评论
5020,甘肃
5021,贵州
5022,禁毒要闻
5023,缉毒破案
5024,宁夏
5025,甘肃
5026,禁毒视频
5027,内蒙古
5028,宁夏
5029,湖北
5030,甘肃
5031,甘肃
5032,甘肃
5033,甘肃
5034,深度追踪
5035,安徽
5036,宣传报道
5037,缉毒破案
5038,禁毒人物
5039,缉毒破案
5040,深度报道
5041,禁毒要闻
5042,山西
5043,广东
5044,贵州
5045,甘肃
5046,深度报道
5047,山东
5048,甘肃
5049,甘肃
5050,禁毒要闻
5051,禁毒要闻
5052,深度报道
5053,禁毒要闻
5054,甘肃
5055,甘肃
5056,福建
5057,辽宁
5058,宁夏
5059,安徽
5060,贵州
5061,安徽
5062,禁毒要闻
5063,四川
5064,湖南
5065,热点评论
5066,深度报道
5067,热点评论
5068,各地新闻
5069,陕西
5070,缉毒破案
5071,深度追踪
5072,缉毒破案
5073,热点评论
5074,热点评论
5075,河北
5076,河北
5077,河北
5078,湖南
5079,河北
5080,云南
5081,禁毒要闻
5082,重庆
5083,浙江
5084,福建
5085,湖南
5086,宁夏
5087,贵州
5088,辽宁
5089,河北
5090,四川
5091,新疆
5092,贵州
5093,广东
5094,贵州
5095,浙江
5096,禁毒人物
5097,安徽
5098,热点评论
5099,贵州
5100,广东
5101,安徽
5102,江西
5103,湖南
5104,贵州
5105,宣传报道
5106,贵州
5107,云南
5108,毒情动态
5109,毒情动态
5110,热点评论
5111,湖北
5112,缉毒破案
5113,贵州
5114,公告栏
5115,广西
5116,江苏
5117,热点评论
5118,深度报道
5119,广东
5120,广西
5121,广东
5122,浙江
5123,禁毒视频
5124,山西
5125,禁毒要闻
5126,福建
5127,缉毒破案
5128,湖南
5129,禁毒要闻
5130,缉毒破案
5131,社区康复
5132,山西
5133,湖南
5134,热点评论
5135,上海
5136,深度报道
5137,浙江
5138,禁毒视频
5139,缉毒破案
5140,深度追踪
5141,热点评论
5142,毒情动态
5143,热点评论
5144,河南
5145,深度报道
5146,湖南
5147,禁毒要闻
5148,广东
5149,各地新闻
5150,缉毒破案
5151,湖南
5152,上海
5153,禁毒要闻
5154,广东
5155,青海
5156,江西
5157,甘肃
5158,缉毒破案
5159,禁毒要闻
5160,甘肃
5161,安徽
5162,湖南
5163,广西
5164,安徽
5165,山西
5166,山西
5167,湖南
5168,贵州
5169,贵州
5170,甘肃
5171,云南
5172,广西
5173,禁毒要闻
5174,陕西
5175,浙江
5176,湖南
5177,甘肃
5178,宣传报道
5179,安徽
5180,深度报道
5181,陕西
5182,甘肃
5183,湖南
5184,海南
5185,内蒙古
5186,四川
5187,宁夏
5188,安徽
5189,内蒙古
5190,宣传报道
5191,深度报道
5192,宁夏
5193,山东
5194,贵州
5195,内蒙古
5196,广东
5197,贵州
5198,贵州
5199,福建
5200,热点评论
5201,甘肃
5202,甘肃
5203,甘肃
5204,各地新闻
5205,各地新闻
5206,深度报道
5207,热点评论
5208,广东
5209,各地新闻
5210,禁毒要闻
5211,禁毒要闻
5212,禁毒要闻
5213,浙江
5214,山东
5215,安徽
5216,湖南
5217,深度报道
5218,缉毒破案
5219,江苏
5220,禁毒要闻
5221,新疆
5222,热点评论
5223,宣传报道
5224,热点评论
5225,宁夏
5226,湖南
5227,河南
5228,贵州
5229,江苏
5230,甘肃
5231,甘肃
5232,甘肃
5233,甘肃
5234,湖南
5235,禁毒要闻
5236,山东
5237,甘肃
5238,甘肃
5239,宣传报道
5240,上海
5241,福建
5242,热点评论
5243,山东
5244,山东
5245,河南
5246,宁夏
5247,河南
5248,独家要闻
5249,禁毒宣传
5250,河南
5251,贵州
5252,广西
5253,江苏
5254,安徽
5255,宣传报道
5256,甘肃
5257,福建
5258,宣传报道
5259,禁毒要闻
5260,湖南
5261,甘肃
5262,河南
5263,甘肃
5264,甘肃
5265,禁毒要闻
5266,山东
5267,山东
5268,山东
5269,山东
5270,山东
5271,山东
5272,山东
5273,山东
5274,广西
5275,禁毒要闻
5276,缉毒破案
5277,深度报道
5278,禁毒要闻
5279,陕西
5280,广东
5281,禁毒人物
5282,宁夏
5283,云南
5284,宣传报道
5285,缉毒破案
5286,河南
5287,湖南
5288,禁毒要闻
5289,贵州
5290,浙江
5291,山东
5292,贵州
5293,四川
5294,禁毒要闻
5295,甘肃
5296,内蒙古
5297,热点评论
5298,内蒙古
5299,河南
5300,广西
5301,广东
5302,吉林
5303,浙江
5304,浙江
5305,浙江
5306,浙江
5307,浙江
5308,浙江
5309,浙江
5310,浙江
5311,浙江
5312,浙江
5313,宣传报道
5314,贵州
5315,禁毒视频
5316,安徽
5317,甘肃
5318,山东
5319,甘肃
5320,深度报道
5321,缉毒破案
5322,禁毒要闻
5323,禁毒要闻
5324,湖南
5325,热点评论
5326,黑龙江
5327,浙江
5328,山东
5329,辽宁
5330,江西
5331,毒情动态
5332,广西
5333,甘肃
5334,深度追踪
5335,缉毒破案
5336,缉毒破案
5337,缉毒破案
5338,禁毒要闻
5339,禁毒要闻
5340,禁毒要闻
5341,山东
5342,湖南
5343,贵州
5344,江西
5345,内蒙古
5346,宣传报道
5347,山东
5348,河北
5349,湖南
5350,毒情动态
5351,内蒙古
5352,贵州
5353,贵州
5354,辽宁
5355,内蒙古
5356,四川
5357,各地新闻
5358,黑龙江
5359,贵州
5360,禁毒要闻
5361,禁毒要闻
5362,禁毒要闻
5363,陕西
5364,内蒙古
5365,湖南
5366,禁毒人物
5367,禁毒要闻
5368,广东
5369,热点评论
5370,新疆
5371,安徽
5372,安徽
5373,山东
5374,浙江
5375,山东
5376,上海
5377,山东
5378,湖北
5379,湖北
5380,热点评论
5381,广东
5382,广东
5383,深度报道
5384,浙江
5385,甘肃
5386,甘肃
5387,禁毒要闻
5388,河南
5389,福建
5390,浙江
5391,禁毒要闻
5392,禁毒要闻
5393,深度报道
5394,禁毒人物
5395,禁毒要闻
5396,浙江
5397,浙江
5398,浙江
5399,浙江
5400,浙江
5401,浙江
5402,浙江
5403,浙江
5404,浙江
5405,浙江
5406,浙江
5407,浙江
5408,广东
5409,湖北
5410,上海
5411,安徽
5412,江西
5413,云南
5414,广西
5415,江苏
5416,湖北
5417,禁毒要闻
5418,公告栏
5419,贵州
5420,浙江
5421,河南
5422,上海
5423,缉毒破案
5424,上海
5425,浙江
5426,江苏
5427,浙江
5428,浙江
5429,海南
5430,热点评论
5431,热点评论
5432,热点评论
5433,禁毒要闻
5434,深度追踪
5435,深度报道
5436,湖南
5437,禁毒要闻
5438,禁毒要闻
5439,贵州
5440,河南
5441,贵州
5442,浙江
5443,热点评论
5444,深度追踪
5445,湖南
5446,浙江
5447,禁毒人物
5448,缉毒破案
5449,江西
5450,深度报道
5451,禁毒要闻
5452,河南
5453,河南
5454,湖南
5455,山东
5456,重庆
5457,贵州
5458,贵州
5459,广西
5460,湖南
5461,四川
5462,禁毒要闻
5463,河南
5464,湖南
5465,浙江
5466,浙江
5467,浙江
5468,浙江
5469,浙江
5470,浙江
5471,浙江
5472,浙江
5473,浙江
5474,浙江
5475,浙江
5476,浙江
5477,浙江
5478,浙江
5479,浙江
5480,浙江
5481,缉毒破案
5482,缉毒破案
5483,热点评论
5484,上海
5485,上海
5486,上海
5487,上海
5488,安徽
5489,山东
5490,浙江
5491,宣传报道
5492,山东
5493,湖南
5494,湖南
5495,贵州
5496,浙江
5497,热点评论
5498,热点评论
5499,禁毒要闻
5500,禁毒要闻
5501,禁毒要闻
5502,禁毒要闻
5503,宣传报道
5504,浙江
5505,浙江
5506,浙江
5507,浙江
5508,浙江
5509,公告栏
5510,宣传报道
5511,禁毒要闻
5512,甘肃
5513,缉毒破案
5514,深度报道
5515,禁毒要闻
5516,深度报道
5517,广西
5518,山西
5519,湖南
5520,浙江
5521,缉毒破案
5522,广西
5523,深度报道
5524,陕西
5525,黑龙江
5526,陕西
5527,缉毒破案
5528,河南
5529,广东
5530,贵州
5531,禁毒要闻
5532,禁毒要闻
5533,四川
5534,宁夏
5535,内蒙古
5536,广西
5537,禁毒要闻
5538,浙江
5539,广西
5540,宁夏
5541,重庆
5542,甘肃
5543,广西
5544,湖南
5545,缉毒破案
5546,禁毒要闻
5547,浙江
5548,浙江
5549,热点评论
5550,浙江
5551,浙江
5552,浙江
5553,浙江
5554,浙江
5555,浙江
5556,浙江
5557,浙江
5558,深度追踪
5559,热点评论
5560,福建
5561,深度追踪
5562,禁毒要闻
5563,广西
5564,湖南
5565,缉毒破案
5566,热点评论
5567,缉毒破案
5568,缉毒破案
5569,湖南
5570,北京
5571,禁毒视频
5572,山东
5573,深度报道
5574,山东
5575,湖北
5576,浙江
5577,缉毒破案
5578,深度报道
5579,深度报道
5580,热点评论
5581,甘肃
5582,宣传报道
5583,禁毒要闻
5584,禁毒要闻
5585,禁毒要闻
5586,湖南
5587,辽宁
5588,热点评论
5589,热点评论
5590,河南
5591,禁毒视频
5592,禁毒视频
5593,湖南
5594,湖南
5595,浙江
5596,福建
5597,湖北
5598,云南
5599,禁毒人物
5600,重庆
5601,四川
5602,福建
5603,禁毒视频
5604,禁毒视频
5605,福建
5606,浙江
5607,宣传报道
5608,禁毒要闻
5609,浙江
5610,缉毒破案
5611,深度追踪
5612,热点评论
5613,浙江
5614,河南
5615,毒情动态
5616,毒情动态
5617,湖南
5618,浙江
5619,浙江
5620,上海
5621,上海
5622,禁毒要闻
5623,河北
5624,河北
5625,河北
5626,河北
5627,河北
5628,河北
5629,河北
5630,河北
5631,河北
5632,贵州
5633,热点评论
5634,缉毒破案
5635,深度报道
5636,广东
5637,河南
5638,安徽
5639,宣传报道
5640,禁毒要闻
5641,禁毒视频
5642,河南
5643,缉毒破案
5644,湖南
5645,新疆
5646,宁夏
5647,浙江
5648,内蒙古
5649,浙江
5650,禁毒要闻
5651,山东
5652,浙江
5653,缉毒破案
5654,宣传报道
5655,毒情动态
5656,禁毒要闻
5657,宣传报道
5658,缉毒破案
5659,缉毒破案
5660,广西
5661,广西
5662,湖南
5663,贵州
5664,贵州
5665,戒毒工作
5666,戒毒工作
5667,戒毒工作
5668,戒毒工作
5669,戒毒工作
5670,戒毒工作
5671,戒毒工作
5672,戒毒工作
5673,戒毒工作
5674,新疆
5675,新疆
5676,重庆
5677,重庆
5678,重庆
5679,重庆
5680,重庆
5681,河南
5682,山西
5683,山东
5684,禁毒人物
5685,湖南
5686,四川
5687,安徽
5688,禁毒视频
5689,江苏
5690,江西
5691,禁毒要闻
5692,贵州
5693,江苏
5694,河南
5695,缉毒破案
5696,宣传报道
5697,贵州
5698,贵州
5699,缉毒破案
5700,热点评论
5701,热点评论
5702,禁毒要闻
5703,浙江
5704,深度报道
5705,宣传报道
5706,毒情动态
5707,深度报道
5708,热点评论
5709,宣传报道
5710,缉毒破案
5711,曝光台
5712,山东
5713,曝光台
5714,缉毒破案
5715,热点评论
5716,缉毒破案
5717,曝光台
5718,曝光台
5719,曝光台
5720,江西
5721,热点评论
5722,缉毒破案
5723,毒情动态
5724,缉毒破案
5725,禁毒要闻
5726,甘肃
5727,黑龙江
5728,安徽
5729,河南
5730,浙江
5731,山东
5732,宣传报道
5733,河南
5734,深度报道
5735,贵州
5736,热点评论
5737,宣传报道
5738,宣传报道
5739,江西
5740,江西
5741,河南
5742,各地新闻
5743,贵州
5744,各地新闻
5745,贵州
5746,上海
5747,福建
5748,甘肃
5749,宣传报道
5750,甘肃
5751,湖南
5752,公告栏
5753,公告栏
5754,宣传报道
5755,安徽
5756,禁毒要闻
5757,宣传报道
5758,江西
5759,缉毒破案
5760,甘肃
5761,禁毒要闻
5762,北京
5763,深度报道
5764,热点评论
5765,热点评论
5766,缉毒破案
5767,上海
5768,上海
5769,上海
5770,上海
5771,上海
5772,四川
5773,贵州
5774,深度追踪
5775,广东
5776,贵州
5777,贵州
5778,贵州
5779,福建
5780,甘肃
5781,贵州
5782,山西
5783,湖南
5784,热点评论
5785,重庆
5786,浙江
5787,禁毒要闻
5788,禁毒要闻
5789,江西
5790,禁毒要闻
5791,热点评论
5792,毒情动态
5793,禁毒要闻
5794,曝光台
5795,曝光台
5796,缉毒破案
5797,云南
5798,深度报道
5799,毒情动态
5800,禁毒视频
5801,法制天地
5802,湖北
5803,湖北
5804,缉毒破案
5805,热点评论
5806,山东
5807,山东
5808,禁毒要闻
5809,禁毒人物
5810,浙江
5811,曝光台
5812,湖南
5813,山东
5814,缉毒破案
5815,宣传报道
5816,河南
5817,深度报道
5818,广西
5819,宣传报道
5820,热点评论
5821,热点评论
5822,浙江
5823,河南
5824,河南
5825,福建
5826,陕西
5827,四川
5828,曝光台
5829,深度追踪
5830,山东
5831,山东
5832,湖北
5833,新疆
5834,山东
5835,江西
5836,河南
5837,曝光台
5838,陕西
5839,江西
5840,禁毒要闻
5841,浙江
5842,福建
5843,福建
5844,热点评论
5845,禁毒视频
5846,福建
5847,禁毒要闻
5848,江西
5849,曝光台
5850,陕西
5851,甘肃
5852,浙江
5853,曝光台
5854,重庆
5855,河南
5856,缉毒破案
5857,河南
5858,禁毒要闻
5859,禁毒视频
5860,甘肃
5861,禁毒视频
5862,禁毒视频
5863,国际观察
5864,禁毒要闻
5865,吉林
5866,缉毒破案
5867,四川
5868,山东
5869,河南
5870,四川
5871,安徽
5872,山东
5873,浙江
5874,宁夏
5875,河南
5876,山东
5877,禁毒要闻
5878,湖南
5879,四川
5880,湖南
5881,福建
5882,社区康复
5883,宣传报道
5884,湖南
5885,河南
5886,禁毒要闻
5887,山西
5888,江苏
5889,宣传报道
5890,热点评论
5891,禁毒要闻
5892,毒情动态
5893,毒情动态
5894,毒情动态
5895,曝光台
5896,禁毒要闻
5897,深度报道
5898,深度报道
5899,毒情动态
5900,深度报道
5901,深度报道
5902,甘肃
5903,四川
5904,河南
5905,河南
5906,山东
5907,福建
5908,浙江
5909,深度报道
5910,热点评论
5911,深度报道
5912,缉毒破案
5913,深度追踪
5914,宣传报道
5915,湖南
5916,宣传报道
5917,禁毒要闻
5918,戒毒工作
5919,戒毒工作
5920,社区康复
5921,戒毒工作
5922,戒毒工作
5923,戒毒工作
5924,戒毒工作
5925,戒毒工作
5926,文献资料
5927,文献资料
5928,戒毒工作
5929,戒毒工作
5930,戒毒工作
5931,毒品知识
5932,毒品知识
5933,毒品知识
5934,毒品知识
5935,禁毒课堂
5936,禁毒课堂
5937,禁毒课堂
5938,禁毒课堂
5939,法律常识
5940,法律常识
5941,法律法规
5942,法律常识
5943,法律常识
5944,法律常识
5945,法律常识
5946,法律常识
5947,法律常识
5948,法律常识
5949,法律常识
5950,法制天地
5951,法制天地
5952,法制天地
5953,法律法规
5954,法律法规
5955,法律法规
5956,法律法规
5957,法律法规
5958,法律法规
5959,禁毒基地
5960,禁毒基地
5961,禁毒基地
5962,禁毒基地
5963,毒情动态
5964,热点评论
5965,热点评论
5966,禁毒要闻
5967,国际观察
5968,缉毒破案
5969,缉毒破案
5970,热点评论
5971,热点评论
5972,热点评论
5973,禁毒要闻
5974,毒情动态
5975,缉毒破案
5976,禁毒要闻
5977,内蒙古
5978,贵州
5979,热点评论
5980,禁毒要闻
5981,河南
5982,河南
5983,河南
5984,河南
5985,宣传报道
5986,四川
5987,禁毒要闻
5988,禁毒书刊
5989,禁毒书刊
5990,禁毒要闻
5991,热点评论
5992,贵州
5993,宣传报道
5994,热点评论
5995,毒情动态
5996,深度报道
5997,热点评论
5998,禁毒要闻
5999,深度报道
6000,宁夏
6001,热点评论
6002,深度报道
6003,毒情动态
6004,毒情动态
6005,热点评论
6006,深度报道
6007,独家要闻
6008,甘肃
6009,上海
6010,缉毒破案
6011,各地新闻
6012,禁毒要闻
6013,河南
6014,缉毒破案
6015,缉毒破案
6016,公告栏
6017,会议论坛
6018,公告栏
6019,会议论坛
6020,内蒙古
6021,山东
6022,安徽
6023,曝光台
6024,曝光台
6025,福建
6026,福建
6027,缉毒破案
6028,深度报道
6029,西藏
6030,志愿者
6031,禁毒要闻
6032,贵州
6033,河南
6034,禁毒要闻
6035,志愿者
6036,缉毒破案
6037,浙江
6038,河南
6039,河南
6040,甘肃
6041,禁毒要闻
6042,禁毒要闻
6043,禁毒要闻
6044,辽宁
6045,深度报道
6046,内蒙古
6047,湖南
6048,山东
6049,禁毒要闻
6050,曝光台
6051,禁毒要闻
6052,曝光台
6053,缉毒破案
6054,曝光台
6055,缉毒破案
6056,缉毒破案
6057,热点评论
6058,缉毒破案
6059,深度报道
6060,禁毒要闻
6061,河南
6062,缉毒破案
6063,湖南
6064,禁毒人物
6065,河南
6066,安徽
6067,上海
6068,河南
6069,河南
6070,湖北
6071,福建
6072,浙江
6073,安徽
6074,贵州
6075,贵州
6076,广西
6077,各地新闻
6078,禁毒人物
6079,禁毒要闻
6080,山东
6081,浙江
6082,浙江
6083,禁毒要闻
6084,缉毒破案
6085,法律法规
6086,法律法规
6087,法律法规
6088,法律法规
6089,法律法规
6090,毒情动态
6091,深度报道
6092,缉毒破案
6093,缉毒破案
6094,宣传报道
6095,曝光台
6096,曝光台
6097,曝光台
6098,缉毒破案
6099,缉毒破案
6100,缉毒破案
6101,深度追踪
6102,曝光台
6103,缉毒破案
6104,曝光台
6105,缉毒破案
6106,曝光台
6107,缉毒破案
6108,缉毒破案
6109,缉毒破案
6110,缉毒破案
6111,曝光台
6112,曝光台
6113,曝光台
6114,曝光台
6115,缉毒破案
6116,深度追踪
6117,深度追踪
6118,深度追踪
6119,北京
6120,宣传报道
6121,四川
6122,宣传报道
6123,宣传报道
6124,禁毒要闻
6125,禁毒要闻
6126,四川
6127,宣传报道
6128,宣传报道
6129,禁毒要闻
6130,志愿者
6131,禁毒要闻
6132,宣传报道
6133,禁毒要闻
6134,湖南
6135,曝光台
6136,各地新闻
6137,缉毒破案
6138,禁毒宣传
6139,缉毒破案
6140,缉毒破案
6141,深度报道
6142,缉毒破案
6143,缉毒破案
6144,缉毒破案
6145,毒情动态
6146,禁毒要闻
6147,独家要闻
6148,热点评论
6149,热点评论
6150,热点评论
6151,热点评论
6152,热点评论
6153,宣传报道
6154,禁毒宣传
6155,各地新闻
6156,禁毒要闻
6157,禁毒宣传
6158,各地新闻
6159,志愿者
6160,禁毒要闻
6161,各地新闻
6162,宣传报道
6163,禁毒宣传
6164,河南
6165,禁毒宣传
6166,社区康复
6167,宣传报道
6168,禁毒人物
6169,禁毒要闻
6170,宣传报道
6171,禁毒教育
6172,禁毒教育
6173,新疆
6174,禁毒要闻
6175,贵州
6176,禁毒宣传
6177,曝光台
6178,曝光台
6179,曝光台
6180,禁毒宣传
6181,禁毒宣传
6182,禁毒宣传
6183,缉毒破案
6184,浙江
6185,青海
6186,宁夏
6187,各地新闻
6188,公告栏
6189,河南
6190,宁夏
6191,公告栏
6192,四川
6193,湖南
6194,安徽
6195,上海
6196,各地新闻
6197,甘肃
6198,湖南
6199,河南
6200,江西
6201,四川
6202,内蒙古
